clave,municipio,pob_2025,pob_2026,pob_2027
1001,Aguascalientes,1029221,1041029,1052399
1002,Asientos,57713,58734,59744
1003,Calvillo,60886,61159,61400
1004,Cosío,18719,18987,19254
1005,Jesús María,141363,143083,144739
1006,Pabellón de Arteaga,49080,49166,49220
1007,Rincón de Romos,60808,61231,61632
1008,San José de Gracia,10083,10142,10197
1009,Tepezalá,23292,23350,23392
1010,El Llano,21824,21932,22027
1011,San Francisco de los Romo,76129,78746,81406
2001,Ensenada,468460,471990,475178
2002,Mexicali,1092460,1100596,1107924
2003,Tecate,113824,114502,115102
2004,Tijuana,2151740,2190088,2227505
2005,Playas de Rosarito,150975,155349,159732
2006,San Quintín,133471,136036,138545
2007,San Felipe,20689,20724,20746
3001,Comondú,75231,75329,75356
3002,Mulegé,67839,68263,68624
3003,La Paz,321359,325719,329851
3008,Los Cabos,422164,435154,448201
3009,Loreto,17459,17269,17070
4001,Calkiní,43978,44123,44247
4002,Campeche,303331,304338,305212
4003,Carmen,258853,260249,261557
4004,Champotón,80023,80170,80285
4005,Hecelchakán,32523,32556,32572
4006,Hopelchén,43455,43594,43700
4007,Palizada,8550,8505,8455
4008,Tenabo,11863,11907,11949
4009,Escárcega,61009,61066,61092
4010,Calakmul,33150,33320,33481
4011,Candelaria,48467,48624,48755
4012,Seybaplaya,16095,16207,16319
4013,Dzitbalché,17270,17355,17427
5001,Abasolo,1046,1046,1044
5002,Acuña,178154,180580,182948
5003,Allende,23875,23967,24040
5004,Arteaga,33406,34032,34650
5005,Candela,1643,1641,1637
5006,Castaños,30674,30885,31080
5007,Cuatro Ciénegas,12789,12774,12750
5008,Escobedo,3064,3059,3048
5009,Francisco I. Madero,61191,61429,61639
5010,Frontera,85294,85590,85832
5011,General Cepeda,11841,11796,11751
5012,Guerrero,1610,1595,1593
5013,Hidalgo,1972,2007,2044
5014,Jiménez,9516,9493,9472
5015,Juárez,1648,1656,1664
5016,Lamadrid,1778,1781,1776
5017,Matamoros,131274,133458,135601
5018,Monclova,248394,249666,250835
5019,Morelos,7851,7829,7788
5020,Múzquiz,74103,74343,74551
5021,Nadadores,6650,6649,6646
5022,Nava,36221,36726,37225
5023,Ocampo,9694,9701,9701
5024,Parras,45093,45085,45048
5025,Piedras Negras,192408,195022,197569
5026,Progreso,3221,3207,3193
5027,Ramos Arizpe,144915,149026,153192
5028,Sabinas,67279,67547,67774
5029,Sacramento,2566,2573,2585
5030,Saltillo,979001,995860,1012410
5031,San Buenaventura,25369,25398,25414
5032,San Juan de Sabinas,43008,43031,43045
5033,San Pedro,101076,100830,100541
5034,Sierra Mojada,6593,6542,6494
5035,Torreón,776036,784578,792795
5036,Viesca,20468,20460,20430
5037,Villa Unión,6202,6188,6167
5038,Zaragoza,13334,13335,13328
6001,Armería,27507,27415,27308
6002,Colima,164746,165711,166623
6003,Comala,22218,22245,22268
6004,Coquimatlán,21961,22109,22241
6005,Cuauhtémoc,33085,33321,33554
6006,Ixtlahuacán,5839,5863,5884
6007,Manzanillo,202070,203541,204929
6008,Minatitlán,10881,10958,11034
6009,Tecomán,117990,117970,117871
6010,Villa de Álvarez,160808,162405,163961
7001,Acacoyagua,18695,18719,18726
7002,Acala,23095,23336,23569
7003,Acapetahua,27788,27810,27817
7004,Altamirano,41384,42209,43021
7005,Amatán,32750,34375,36061
7006,Amatenango de la Frontera,34036,34286,34524
7007,Amatenango del Valle,12715,12924,13125
7008,Angel Albino Corzo,36349,37013,37674
7009,Arriaga,44136,44451,44747
7010,Bejucal de Ocampo,7548,7538,7522
7011,Bella Vista,21070,21118,21151
7012,Berriozábal,77328,79443,81571
7013,Bochil,42783,43676,44569
7014,El Bosque,27346,27802,28240
7015,Cacahoatán,57859,59090,60306
7016,Catazajá,19040,19209,19363
7017,Cintalapa de Figueroa,95501,96408,97255
7018,Coapilla,11170,11356,11538
7019,Comitán de Domínguez,187436,190648,193791
7020,La Concordia,56356,57308,58233
7021,Copainalá,23560,23690,23809
7022,Chalchihuitán,25199,25666,26135
7023,Chamula,115421,117368,119274
7024,Chanal,15557,15844,16120
7025,Chapultenango,7759,7773,7781
7026,Chenalhó,54746,55882,57019
7027,Chiapa de Corzo,131416,134630,137839
7028,Chiapilla,6482,6506,6528
7029,Chicoasén,6130,6235,6340
7030,Chicomuselo,39595,39907,40205
7031,Chilón,154546,157087,159559
7032,Escuintla,31258,31136,30989
7033,Francisco León,7362,7340,7318
7034,Frontera Comalapa,92431,94232,96018
7035,Frontera Hidalgo,15362,15424,15477
7036,La Grandeza,8820,9000,9175
7037,Huehuetán,38622,38833,39027
7038,Huixtán,23287,23202,23098
7039,Huitiupán,32227,32897,33564
7040,Huixtla,55273,55356,55405
7041,La Independencia,50228,50677,51088
7042,Ixhuatán,11922,11955,11978
7043,Ixtacomitán,11660,11733,11790
7044,Ixtapa,32785,33368,33946
7045,Ixtapangajoya,7721,7983,8245
7046,Jiquipilas,43664,43908,44133
7047,Jitotol,29751,30576,31394
7048,Juárez,23453,23631,23794
7049,Larráinzar,35639,36241,36838
7050,La Libertad,5541,5571,5586
7051,Mapastepec,46225,45957,45660
7052,Las Margaritas,161332,164442,167515
7053,Mazapa de Madero,8408,8450,8492
7054,Mazatán,28433,28285,28134
7055,Metapa,6290,6335,6369
7056,Mitontic,15885,16214,16545
7057,Motozintla,83223,84098,84922
7058,Nicolás Ruíz,5603,5741,5878
7059,Ocosingo,263945,268233,272397
7060,Ocotepec,15930,16207,16478
7061,Ocozocoautla de Espinosa,110029,111942,113819
7062,Ostuacán,19439,19511,19570
7063,Osumacinta,4522,4605,4684
7064,Oxchuc,64404,65972,67534
7065,Palenque,149250,151784,154267
7066,Pantelhó,29877,30375,30867
7067,Pantepec,12955,13012,13063
7068,Pichucalco,34274,34524,34752
7069,Pijijiapan,53054,53127,53178
7070,El Porvenir,12502,12489,12474
7071,Villa Comaltitlán,32255,32445,32619
7072,Pueblo Nuevo Solistahuacán,33509,34084,34649
7073,Rayón,12381,12622,12845
7074,Reforma,46514,46555,46557
7075,Las Rosas,30759,30948,31117
7076,Sabanilla,33821,34414,34992
7077,Salto de Agua,68019,68336,68612
7078,San Cristóbal de las Casas,232704,234593,236330
7079,San Fernando,47507,48394,49284
7080,Siltepec,35061,36886,38773
7081,Simojovel,61897,63337,64775
7082,Sitalá,18291,18754,19208
7083,Socoltenango,20574,20749,20892
7084,Solosuchiapa,9115,9169,9215
7085,Soyaló,11584,11648,11706
7086,Suchiapa,29445,30068,30678
7087,Suchiate,46967,47748,48507
7088,Sunuapa,2453,2464,2478
7089,Tapachula,375641,377629,379347
7090,Tapalapa,5672,5882,6088
7091,Tapilula,14864,15032,15189
7092,Tecpatán,22694,22813,22903
7093,Tenejapa,54257,55148,56030
7094,Teopisca,58650,60202,61763
7096,Tila,93516,94992,96427
7097,Tonalá,97722,98279,98791
7098,Totolapa,7453,7451,7446
7099,La Trinitaria,93360,94889,96385
7100,Tumbalá,43272,44073,44871
7101,Tuxtla Gutiérrez,636678,639119,641084
7102,Tuxtla Chico,41963,41886,41785
7103,Tuzantán,30085,29861,29618
7104,Tzimol,18796,19134,19460
7105,Unión Juárez,16910,16983,17047
7106,Venustiano Carranza,72594,73201,73768
7107,Villa Corzo,74193,75467,76707
7108,Villaflores,116677,117383,118015
7109,Yajalón,45573,46389,47197
7110,San Lucas,8241,8330,8416
7111,Zinacantán,51890,52914,53921
7112,San Juan Cancuc,42738,43448,44149
7113,Aldama,10418,10751,11099
7114,Benemérito de las Américas,26871,27354,27831
7115,Maravilla Tenejapa,16668,16958,17243
7116,Marqués de Comillas,14712,14986,15271
7117,Montecristo de Guerrero,9593,9775,9956
7118,San Andrés Duraznal,7249,7460,7668
7119,Santiago el Pinar,6019,6194,6383
7120,Capitán Luis Ángel Vidal,4950,5047,5158
7121,Rincón Chamula San Pedro,17933,20410,23211
7122,El Parral,14127,13782,13435
7123,Emiliano Zapata,8411,7973,7560
7124,Mezcalapa,24829,24864,24888
7125,Honduras de la Sierra,12446,12523,12602
8001,Ahumada,16198,16432,16660
8002,Aldama,27591,27790,27959
8003,Allende,8403,8350,8289
8004,Aquiles Serdán,33187,34982,36841
8005,Ascensión,27978,28233,28470
8006,Bachíniva,5850,5836,5823
8007,Balleza,16406,16327,16245
8008,Batopilas de Manuel Gómez Morín,11069,10982,10892
8009,Bocoyna,23060,22960,22841
8010,Buenaventura,27426,27773,28104
8011,Camargo,48426,48037,47602
8012,Carichí,7969,7921,7864
8013,Casas Grandes,12513,12606,12679
8014,Coronado,2060,2053,2054
8015,Coyame del Sotol,1218,1216,1217
8016,La Cruz,3686,3666,3643
8017,Cuauhtémoc,196633,199032,201316
8018,Cusihuiriachi,5826,5953,6068
8019,Chihuahua,1028306,1042161,1055267
8020,Chínipas,5960,5896,5829
8021,Delicias,156678,157229,157647
8022,Dr. Belisario Domínguez,2475,2467,2458
8023,Galeana,7291,7386,7475
8024,Santa Isabel,3814,3808,3792
8025,Gómez Farías,6778,6727,6668
8026,Gran Morelos,2484,2477,2477
8027,Guachochi,56871,57997,59091
8028,Guadalupe,3708,3604,3503
8029,Guadalupe y Calvo,50243,50052,49814
8030,Guazapares,9305,9492,9673
8031,Guerrero,34977,34780,34558
8032,Hidalgo del Parral,127636,129297,130867
8033,Huejotitán,787,775,763
8034,Ignacio Zaragoza,5040,5006,4977
8035,Janos,11321,11336,11346
8036,Jiménez,39683,39303,38898
8037,Juárez,1661295,1684210,1706098
8038,Julimes,5734,5872,6001
8039,López,4291,4302,4311
8040,Madera,24000,23720,23430
8041,Maguarichi,1277,1274,1269
8042,Manuel Benavides,1103,1091,1070
8043,Matachí,2700,2682,2665
8044,Matamoros,4351,4340,4323
8045,Meoqui,46611,46776,46909
8046,Morelos,7331,7327,7307
8047,Moris,4478,4474,4466
8048,Namiquipa,22649,22539,22423
8049,Nonoava,3036,3077,3116
8050,Nuevo Casas Grandes,68506,68774,68980
8051,Ocampo,8965,9096,9222
8052,Ojinaga,24243,24129,23992
8053,Praxedis G. Guerrero,4842,4774,4703
8054,Riva Palacio,7722,7702,7670
8055,Rosales,17031,17006,16976
8056,Rosario,2196,2210,2216
8057,San Francisco de Borja,2315,2332,2341
8058,San Francisco de Conchos,3030,3072,3129
8059,San Francisco del Oro,5027,5013,4998
8060,Santa Bárbara,12579,12721,12860
8061,Satevó,3793,3850,3912
8062,Saucillo,29693,29556,29394
8063,Temósachic,5241,5207,5184
8064,El Tule,1369,1350,1330
8065,Urique,16988,16943,16896
8066,Uruachi,7151,7247,7335
8067,Valle de Zaragoza,4727,4698,4668
9002,Azcapotzalco,444246,445503,446567
9003,Coyoacán,602223,598770,595103
9004,Cuajimalpa de Morelos,226484,227652,228718
9005,Gustavo A. Madero,1149481,1142821,1135761
9006,Iztacalco,399570,397715,395700
9007,Iztapalapa,1800823,1791008,1780531
9008,La Magdalena Contreras,246866,246244,245518
9009,Milpa Alta,159421,160337,161194
9010,Álvaro Obregón,771231,772316,773096
9011,Tláhuac,394188,393518,392694
9012,Tlalpan,712863,713955,714754
9013,Xochimilco,442569,441555,440359
9014,Benito Juárez,444684,445863,446868
9015,Cuauhtémoc,535550,532488,529243
9016,Miguel Hidalgo,415716,414622,413353
9017,Venustiano Carranza,437743,435599,433275
10001,Canatlán,31734,31708,31670
10002,Canelas,4374,4371,4366
10003,Coneto de Comonfort,3974,3949,3913
10004,Cuencamé,35420,35404,35380
10005,Durango,733138,739484,745477
10006,General Simón Bolívar,10053,10025,9993
10007,Gómez Palacio,396385,399610,402653
10008,Guadalupe Victoria,37925,38043,38138
10009,Guanaceví,9981,9965,9949
10010,Hidalgo,3883,3883,3871
10011,Indé,4597,4554,4508
10012,Lerdo,175076,176843,178545
10013,Mapimí,27755,27832,27892
10014,Mezquital,53220,53894,54543
10015,Nazas,13068,13063,13048
10016,Nombre de Dios,19243,19224,19200
10017,Ocampo,7667,7596,7526
10018,El Oro,10255,10213,10160
10019,Otáez,4739,4697,4645
10020,Pánuco de Coronado,13173,13237,13288
10021,Peñón Blanco,11417,11440,11457
10022,Poanas,26276,26316,26346
10023,Pueblo Nuevo,52668,52770,52845
10024,Rodeo,12740,12696,12641
10025,San Bernardo,2537,2474,2416
10026,San Dimas,16474,16281,16078
10027,San Juan de Guadalupe,4979,4913,4844
10028,San Juan del Río,12016,11988,11951
10029,San Luis del Cordero,2148,2153,2151
10030,San Pedro del Gallo,1830,1869,1898
10031,Santa Clara,6739,6719,6706
10032,Santiago Papasquiaro,50951,51136,51293
10033,Súchil,7651,7772,7890
10034,Tamazula,26673,26666,26648
10035,Tepehuanes,11833,11885,11926
10036,Tlahualilo,20611,20458,20290
10037,Topia,9372,9352,9325
10038,Vicente Guerrero,25545,25880,26197
10039,Nuevo Ideal,29008,29119,29210
11001,Abasolo,95411,95795,96145
11002,Acámbaro,109444,109307,109115
11003,San Miguel de Allende,178876,179147,179307
11004,Apaseo el Alto,62826,62578,62304
11005,Apaseo el Grande,131094,133134,135120
11006,Atarjea,5522,5546,5568
11007,Celaya,557405,562914,568162
11008,Manuel Doblado,44283,44745,45181
11009,Comonfort,82417,82206,81945
11010,Coroneo,11001,10962,10921
11011,Cortazar,101599,102018,102389
11012,Cuerámaro,34040,34569,35085
11013,Doctor Mora,29842,30223,30594
11014,Dolores Hidalgo Cuna de la Independencia Nacional,176767,178929,181011
11015,Guanajuato,207532,209442,211251
11016,Huanímaro,21187,21138,21082
11017,Irapuato,617848,620748,623302
11018,Jaral del Progreso,40024,40149,40258
11019,Jerécuaro,50379,50389,50368
11020,León,1877296,1902548,1927146
11021,Moroleón,47090,46950,46791
11022,Ocampo,28597,28939,29259
11023,Pénjamo,160941,161596,162159
11024,Pueblo Nuevo,12987,13061,13135
11025,Purísima del Rincón,89013,89747,90437
11026,Romita,70452,71134,71787
11027,Salamanca,275473,275014,274397
11028,Salvatierra,93715,93425,93089
11029,San Diego de la Unión,42592,42757,42905
11030,San Felipe,128254,129518,130719
11031,San Francisco del Rincón,141216,142794,144315
11032,San José Iturbide,99602,101278,102924
11033,San Luis de la Paz,137626,138994,140299
11034,Santa Catarina,6302,6402,6491
11035,Santa Cruz de Juventino Rosas,82155,81866,81535
11036,Santiago Maravatío,6738,6724,6703
11037,Silao de la Victoria,221116,223908,226604
11038,Tarandacuao,11125,11065,11001
11039,Tarimoro,38014,38306,38579
11040,Tierra Blanca,21419,21633,21837
11041,Uriangato,60589,60238,59849
11042,Valle de Santiago,155034,155484,155854
11043,Victoria,22057,22140,22210
11044,Villagrán,70616,71302,71965
11045,Xichú,11138,11110,11072
11046,Yuriria,69015,68877,68704
12001,Acapulco de Juárez,787976,786922,785516
12002,Ahuacuotzingo,25030,24910,24779
12003,Ajuchitlán del Progreso,37519,37343,37141
12004,Alcozauca de Guerrero,22215,22307,22382
12005,Alpoyeca,8194,8221,8247
12006,Apaxtla,11172,11137,11100
12007,Arcelia,35697,36022,36337
12008,Atenango del Río,9384,9386,9383
12009,Atlamajalcingo del Monte,6249,6306,6361
12010,Atlixtac,29380,29425,29455
12011,Atoyac de Álvarez,57531,56687,55800
12012,Ayutla de los Libres,57363,57005,56630
12013,Azoyú,15581,15602,15612
12014,Benito Juárez,14388,14123,13857
12015,Buenavista de Cuéllar,13003,12955,12896
12016,Coahuayutla de José María Izazaga,12198,12109,12016
12017,Cocula,18315,18806,19305
12018,Copala,14761,14764,14749
12019,Copalillo,16062,16085,16095
12020,Copanatoyac,22501,22561,22605
12021,Coyuca de Benítez,72468,72086,71666
12022,Coyuca de Catalán,38458,38286,38089
12023,Cuajinicuilapa,19650,19602,19542
12024,Cualác,8052,8048,8046
12025,Cuautepec,17450,17464,17464
12026,Cuetzala del Progreso,8056,7977,7902
12027,Cutzamala de Pinzón,21617,21739,21850
12028,Chilapa de Álvarez,124002,123617,123175
12029,Chilpancingo de los Bravo,297436,298931,300285
12030,Florencio Villarreal,22714,22701,22669
12031,General Canuto A. Neri,6913,7010,7110
12032,General Heliodoro Castillo,37524,37428,37303
12033,Huamuxtitlán,18207,18249,18283
12034,Huitzuco de los Figueroa,36423,36243,36047
12035,Iguala de la Independencia,158431,158594,158666
12036,Igualapa,12022,12030,12022
12037,Ixcateopan de Cuauhtémoc,6155,6133,6106
12038,Zihuatanejo de Azueta,128977,129041,129032
12039,Juan R. Escudero,26756,26773,26765
12040,Leonardo Bravo,26633,26578,26504
12041,Malinaltepec,27802,28818,29852
12042,Mártir de Cuilapan,18861,18829,18786
12043,Metlatónoc,18776,18694,18593
12044,Mochitlán,12476,12445,12400
12045,Olinalá,29559,29624,29676
12046,Ometepec,69497,69452,69372
12047,Pedro Ascencio Alquisiras,7357,7380,7398
12048,Petatlán,41981,41303,40602
12049,Pilcaya,12735,12676,12614
12050,Pungarabato,39951,40068,40161
12051,Quechultenango,35870,35665,35445
12052,San Luis Acatlán,47965,48076,48164
12053,San Marcos,38786,38348,37888
12054,San Miguel Totolapan,23349,23136,22906
12055,Taxco de Alarcón,105242,104773,104258
12056,Tecoanapa,46005,45805,45595
12057,Técpan de Galeana,66594,66580,66531
12058,Teloloapan,53318,53038,52738
12059,Tepecoacuilco de Trujano,30640,30494,30332
12060,Tetipac,13427,13365,13289
12061,Tixtla de Guerrero,44458,44532,44581
12062,Tlacoachistlahuaca,23017,22967,22905
12063,Tlacoapa,10566,10618,10658
12064,Tlalchapa,11658,11609,11560
12065,Tlalixtaquilla de Maldonado,7806,7801,7809
12066,Tlapa de Comonfort,103878,104964,106001
12067,Tlapehuala,22660,22652,22638
12068,La Unión de Isidoro Montes de Oca,26518,26444,26353
12069,Xalpatláhuac,12346,12369,12382
12070,Xochihuehuetlán,8224,8250,8279
12071,Xochistlahuaca,30557,30553,30530
12072,Zapotitlán Tablas,12526,12575,12611
12073,Zirándaro,18026,17947,17865
12074,Zitlala,22041,21969,21890
12075,Eduardo Neri,54814,54898,54949
12076,Acatepec,43859,44396,44919
12077,Marquelia,14747,14769,14786
12078,Cochoapa el Grande,22401,22512,22610
12079,José Joaquín de Herrera,19361,19476,19573
12080,Juchitán,7646,7624,7600
12081,Iliatenco,11886,11871,11852
12082,Las Vigas,10136,10126,10116
12083,Ñuu Savi,11563,11589,11613
12084,Santa Cruz del Rincón,7060,7014,6967
12085,San Nicolás,7026,6996,6963
13001,Acatlán,23418,23577,23738
13002,Acaxochitlán,49365,49881,50377
13003,Actopan,63509,63790,64032
13004,Agua Blanca de Iturbide,11635,11861,12084
13005,Ajacuba,19826,19975,20107
13006,Alfajayucan,19424,19438,19440
13007,Almoloya,13218,13322,13418
13008,Apan,48786,49081,49352
13009,El Arenal,21242,21462,21663
13010,Atitalaquia,33445,33727,33987
13011,Atlapexco,19884,19853,19815
13012,Atotonilco el Grande,32958,33410,33839
13013,Atotonilco de Tula,73956,75836,77707
13014,Calnali,15922,15845,15759
13015,Cardonal,20444,20569,20686
13016,Cuautepec de Hinojosa,63544,64013,64457
13017,Chapantongo,12928,12898,12856
13018,Chapulhuacán,23275,23303,23306
13019,Chilcuautla,19640,19732,19824
13020,Eloxochitlán,2550,2537,2522
13021,Emiliano Zapata,15984,16101,16207
13022,Epazoyucan,17749,17982,18214
13023,Francisco I. Madero,38081,38347,38582
13024,Huasca de Ocampo,17987,18018,18036
13025,Huautla,19854,19632,19390
13026,Huazalingo,12921,12928,12928
13027,Huehuetla,22626,22554,22475
13028,Huejutla de Reyes,129051,129176,129206
13029,Huichapan,48943,49123,49273
13030,Ixmiquilpan,104421,105241,105993
13031,Jacala de Ledezma,12111,12053,11989
13032,Jaltocán,10580,10581,10565
13033,Juárez Hidalgo,2823,2805,2783
13034,Lolotla,9386,9333,9278
13035,Metepec,14438,14660,14871
13036,San Agustín Metzquititlán,9435,9410,9382
13037,Metztitlán,21682,21748,21792
13038,Mineral del Chico,8627,8543,8465
13039,Mineral del Monte,14498,14506,14499
13040,La Misión,9419,9324,9222
13041,Mixquiahuala de Juárez,50140,50581,50992
13042,Molango de Escamilla,11710,11714,11706
13043,Nicolás Flores,6184,6156,6133
13044,Nopala de Villagrán,17227,17235,17227
13045,Omitlán de Juárez,9432,9438,9442
13046,San Felipe Orizatlán,37859,37648,37429
13047,Pacula,4702,4688,4671
13048,Pachuca de Soto,354992,362032,368855
13049,Pisaflores,20063,20254,20436
13050,Progreso de Obregón,23589,23500,23391
13051,Mineral de la Reforma,236924,243220,249613
13052,San Agustín Tlaxiaca,41696,42105,42479
13053,San Bartolo Tutotepec,17355,17261,17161
13054,San Salvador,39148,39511,39848
13055,Santiago de Anaya,19463,19632,19787
13056,Santiago Tulantepec de Lugo Guerrero,41702,41972,42211
13057,Singuilucan,15223,15219,15196
13058,Tasquillo,18430,18560,18670
13059,Tecozautla,37955,37812,37649
13060,Tenango de Doria,17575,17558,17543
13061,Tepeapulco,58557,58868,59161
13062,Tepehuacán de Guerrero,32259,32381,32500
13063,Tepeji del Río de Ocampo,96283,97152,97961
13064,Tepetitlán,10604,10520,10437
13065,Tetepango,12416,12519,12603
13066,Villa de Tezontepec,13861,13986,14104
13067,Tezontepec de Aldama,59425,60120,60778
13068,Tianguistengo,14427,14418,14406
13069,Tizayuca,200703,206749,212940
13070,Tlahuelilpan,18517,18350,18175
13071,Tlahuiltepa,8884,8838,8781
13072,Tlanalapa,11875,11982,12080
13073,Tlanchinol,38269,38312,38345
13074,Tlaxcoapan,28457,28330,28180
13075,Tolcayuca,23590,23927,24256
13076,Tula de Allende,120950,121796,122587
13077,Tulancingo de Bravo,177213,178547,179784
13078,Xochiatipan,18257,18221,18171
13079,Xochicoatlán,6901,6860,6826
13080,Yahualica,25415,25493,25547
13081,Zacualtipán de Ángeles,41753,42319,42866
13082,Zapotlán de Juárez,23390,23710,24016
13083,Zempoala,66427,67897,69348
13084,Zimapán,40470,40494,40495
14001,Acatic,25136,25422,25689
14002,Acatlán de Juárez,28926,29561,30189
14003,Ahualulco de Mercado,24676,24798,24890
14004,Amacueca,6165,6229,6279
14005,Amatitán,17851,18051,18241
14006,Ameca,59935,59613,59243
14007,San Juanito de Escobedo,9472,9442,9406
14008,Arandas,86025,86714,87316
14009,El Arenal,22473,22631,22767
14010,Atemajac de Brizuela,9057,9287,9521
14011,Atengo,5751,5750,5761
14012,Atenguillo,4503,4555,4592
14013,Atotonilco el Alto,67497,67909,68274
14014,Atoyac,9189,9253,9310
14015,Autlán de Navarro,70109,70855,71542
14016,Ayotlán,45864,46540,47198
14017,Ayutla,13395,13431,13469
14018,La Barca,71354,71727,72050
14019,Bolaños,7151,7148,7140
14020,Cabo Corrientes,11698,11794,11888
14021,Casimiro Castillo,20777,20742,20685
14022,Cihuatlán,40645,40608,40539
14023,Zapotlán el Grande,126799,128616,130360
14024,Cocula,32372,32863,33333
14025,Colotlán,21888,22245,22583
14026,Concepción de Buenos Aires,6626,6652,6679
14027,Cuautitlán de García Barragán,18910,18944,18966
14028,Cuautla,1939,1895,1836
14029,Cuquío,18029,17991,17942
14030,Chapala,60532,61354,62138
14031,Chimaltitán,3160,3129,3093
14032,Chiquilistlán,6061,6055,6046
14033,Degollado,21573,21541,21499
14034,Ejutla,2125,2140,2161
14035,Encarnación de Díaz,53788,53740,53654
14036,Etzatlán,20746,20818,20868
14037,El Grullo,26828,26870,26889
14038,Guachinango,4228,4216,4202
14039,Guadalajara,1383955,1380568,1376710
14040,Hostotipaquillo,8795,8779,8745
14041,Huejúcar,6257,6298,6337
14042,Huejuquilla el Alto,11534,11797,12054
14043,La Huerta,23634,23610,23555
14044,Ixtlahuacán de los Membrillos,82631,85265,87893
14045,Ixtlahuacán del Río,22126,22362,22588
14046,Jalostotitlán,32988,32940,32864
14047,Jamay,25998,26123,26233
14048,Jesús María,19115,19079,19020
14049,Jilotlán de los Dolores,9619,9616,9610
14050,Jocotepec,50353,50783,51175
14051,Juanacatlán,36869,37767,38653
14052,Juchitlán,5526,5504,5477
14053,Lagos de Moreno,182927,184301,185540
14054,El Limón,5371,5351,5328
14055,Magdalena,21974,21942,21887
14056,Santa María del Oro,1633,1587,1551
14057,La Manzanilla de la Paz,4597,4682,4761
14058,Mascota,14514,14469,14415
14059,Mazamitla,14721,14784,14838
14060,Mexticacán,5563,5589,5621
14061,Mezquitic,23979,24227,24443
14062,Mixtlán,3768,3784,3792
14063,Ocotlán,110559,110897,111118
14064,Ojuelos de Jalisco,35554,35806,36040
14065,Pihuamo,9972,9662,9355
14066,Poncitlán,56595,56960,57285
14067,Puerto Vallarta,311018,313533,315819
14068,Villa Purificación,12014,12106,12186
14069,Quitupan,7317,7207,7097
14070,El Salto,294703,306532,318482
14071,San Cristóbal de la Barranca,2785,2751,2715
14072,San Diego de Alejandría,8097,8159,8209
14073,San Juan de los Lagos,76146,76624,77049
14074,San Julián,17954,18105,18239
14075,San Marcos,3807,3797,3785
14076,San Martín de Bolaños,3072,3061,3040
14077,San Martín Hidalgo,29045,29126,29181
14078,San Miguel el Alto,32319,32279,32216
14079,Gómez Farías,17837,18032,18218
14080,San Sebastián del Oeste,4821,4749,4687
14081,Santa María de los Ángeles,4114,4230,4336
14082,Sayula,38426,38523,38592
14083,Tala,96477,97838,99147
14084,Talpa de Allende,15282,15286,15269
14085,Tamazula de Gordiano,36385,35717,35033
14086,Tapalpa,22990,23229,23444
14087,Tecalitlán,15680,15404,15116
14088,Tecolotlán,16985,16992,16982
14089,Techaluta de Montenegro,4410,4451,4491
14090,Tenamaxtlán,7648,7692,7726
14091,Teocaltiche,40262,40175,40055
14092,Teocuitatlán de Corona,11901,12015,12135
14093,Tepatitlán de Morelos,157910,158772,159524
14094,Tequila,47127,47481,47798
14095,Teuchitlán,9713,9694,9651
14096,Tizapán el Alto,24909,25237,25551
14097,Tlajomulco de Zúñiga,829928,846771,863661
14098,San Pedro Tlaquepaque,732507,738766,744572
14099,Tolimán,12177,12320,12454
14100,Tomatlán,35516,35191,34827
14101,Tonalá,609974,615392,620392
14102,Tonaya,5974,5957,5932
14103,Tonila,7721,7728,7725
14104,Totatiche,4087,4049,4015
14105,Tototlán,24488,24574,24642
14106,Tuxcacuesco,6266,6381,6506
14107,Tuxcueca,7359,7462,7552
14108,Tuxpan,41092,41632,42150
14109,Unión de San Antonio,20021,20124,20217
14110,Unión de Tula,14223,14257,14267
14111,Valle de Guadalupe,6746,6740,6732
14112,Valle de Juárez,7095,7260,7422
14113,San Gabriel,17521,17634,17730
14114,Villa Corona,19645,19646,19632
14115,Villa Guerrero,5144,5044,4942
14116,Villa Hidalgo,19958,19856,19738
14117,Cañadas de Obregón,4714,4765,4810
14118,Yahualica de González Gallo,22380,22288,22183
14119,Zacoalco de Torres,33173,33580,33958
14120,Zapopan,1597906,1616792,1635339
14121,Zapotiltic,39355,40361,41364
14122,Zapotitlán de Vadillo,7908,7960,8008
14123,Zapotlán del Rey,20932,21167,21402
14124,Zapotlanejo,65286,65170,65008
14125,San Ignacio Cerro Gordo,18696,18702,18694
15001,Acambay de Ruíz Castañeda,70196,70467,70697
15002,Acolman,189927,193126,196278
15003,Aculco,48965,48776,48558
15004,Almoloya de Alquisiras,15691,15714,15732
15005,Almoloya de Juárez,170861,169703,168459
15006,Almoloya del Río,13488,13591,13687
15007,Amanalco,23637,23587,23527
15008,Amatepec,24142,23887,23625
15009,Amecameca,55646,55920,56166
15010,Apaxco,33829,34117,34387
15011,Atenco,86515,88495,90480
15012,Atizapán,13979,14137,14280
15013,Atizapán de Zaragoza,527700,527144,526285
15014,Atlacomulco,114932,115636,116258
15015,Atlautla,33165,33321,33451
15016,Axapusco,30624,30838,31046
15017,Ayapango,10148,10135,10117
15018,Calimaya,74112,74918,75663
15019,Capulhuac,38068,38187,38286
15020,Coacalco de Berriozábal,299915,300339,300588
15021,Coatepec Harinas,38194,38008,37800
15022,Cocotitlán,15700,15772,15838
15023,Coyotepec,41072,41028,40964
15024,Cuautitlán,199518,203025,206488
15025,Chalco,449848,458410,466839
15026,Chapa de Mota,33518,33762,33989
15027,Chapultepec,13774,13938,14097
15028,Chiautla,30673,30703,30725
15029,Chicoloapan,194947,193341,191643
15030,Chiconcuac,29206,29404,29586
15031,Chimalhuacán,725023,726852,728287
15032,Donato Guerra,40986,41576,42161
15033,Ecatepec de Morelos,1661406,1661995,1662092
15034,Ecatzingo,11449,11533,11602
15035,Huehuetoca,206810,215654,224748
15036,Hueypoxtla,49124,49435,49714
15037,Huixquilucan,300919,303210,305335
15038,Isidro Fabela,12013,11993,11972
15039,Ixtapaluca,575208,580081,584716
15040,Ixtapan de la Sal,38385,38569,38727
15041,Ixtapan del Oro,6325,6285,6231
15042,Ixtlahuaca,166008,166681,167273
15043,Xalatlaco,31561,31646,31706
15044,Jaltenco,28693,28722,28732
15045,Jilotepec,88012,87884,87713
15046,Jilotzingo,20556,20640,20710
15047,Jiquipilco,79744,80128,80473
15048,Jocotitlán,72925,73439,73914
15049,Joquicingo,16414,16548,16675
15050,Juchitepec,28685,28911,29117
15051,Lerma,186308,188812,191220
15052,Malinalco,29254,29382,29506
15053,Melchor Ocampo,65113,65700,66247
15054,Metepec,255796,257726,259523
15055,Mexicaltzingo,14801,14952,15103
15056,Morelos,35275,35595,35887
15057,Naucalpan de Juárez,827125,824278,821199
15058,Nezahualcóyotl,1105861,1108350,1110217
15059,Nextlalpan,68648,70716,72805
15060,Nicolás Romero,460356,465207,469880
15061,Nopaltepec,10988,11066,11153
15062,Ocoyoacac,76580,77220,77806
15063,Ocuilan,38074,38343,38598
15064,El Oro,36672,36529,36359
15065,Otumba,37528,37662,37774
15066,Otzoloapan,6169,6423,6686
15067,Otzolotepec,93191,93824,94418
15068,Ozumba,32300,32504,32695
15069,Papalotla,5176,5213,5248
15070,La Paz,311981,312652,313134
15071,Polotitlán,15843,15974,16087
15072,Rayón,17037,17171,17299
15073,San Antonio la Isla,37393,38406,39437
15074,San Felipe del Progreso,155540,157206,158791
15075,San Martín de las Pirámides,31090,31366,31627
15076,San Mateo Atenco,105107,106118,107079
15077,San Simón de Guerrero,7412,7532,7658
15078,Santo Tomás,9749,9731,9700
15079,Soyaniquilpan de Juárez,15175,15299,15408
15080,Sultepec,23303,23111,22901
15081,Tecámac,616254,628310,640419
15082,Tejupilco,82422,82856,83255
15083,Temamatla,15279,15468,15644
15084,Temascalapa,45948,46238,46497
15085,Temascalcingo,68626,68863,69064
15086,Temascaltepec,38546,39148,39731
15087,Temoaya,106651,106529,106349
15088,Tenancingo,110619,111507,112343
15089,Tenango del Aire,10151,9903,9664
15090,Tenango del Valle,94068,94501,94874
15091,Teoloyucan,65389,65239,65058
15092,Teotihuacán,60457,60698,60913
15093,Tepetlaoxtoc,34305,34550,34776
15094,Tepetlixpa,21303,21401,21488
15095,Tepotzotlán,110560,111593,112588
15096,Tequixquiac,41446,41700,41930
15097,Texcaltitlán,18602,18584,18551
15098,Texcalyacac,6034,6071,6100
15099,Texcoco,296882,299711,302404
15100,Tezoyuca,53312,54435,55556
15101,Tianguistenco,88894,89512,90066
15102,Timilpan,17057,17137,17199
15103,Tlalmanalco,50619,50757,50864
15104,Tlalnepantla de Baz,698129,702492,706675
15105,Tlatlaya,30463,30175,29871
15106,Toluca,950406,955421,959865
15107,Tonatico,13417,13480,13533
15108,Tultepec,164131,164936,165650
15109,Tultitlán,519891,519205,518177
15110,Valle de Bravo,60324,59977,59608
15111,Villa de Allende,55066,55274,55440
15112,Villa del Carbón,54332,54714,55058
15113,Villa Guerrero,71752,72080,72361
15114,Villa Victoria,110894,111107,111256
15115,Xonacatlán,57347,57713,58061
15116,Zacazonapan,5655,5744,5833
15117,Zacualpan,13009,12894,12768
15118,Zinacantepec,218530,220820,222998
15119,Zumpahuacán,19879,20032,20160
15120,Zumpango,319152,325263,331269
15121,Cuautitlán Izcalli,575506,577862,579896
15122,Valle de Chalco Solidaridad,382565,379834,376900
15123,Luvianos,29547,29610,29649
15124,San José del Rincón,105919,106772,107566
15125,Tonanitla,16754,17025,17278
16001,Acuitzio,11525,11537,11544
16002,Aguililla,14704,14654,14596
16003,Álvaro Obregón,25302,25691,26076
16004,Angamacutiro,15149,15150,15136
16005,Angangueo,10992,10981,10969
16006,Apatzingán,127957,127951,127871
16007,Aporo,3820,3865,3909
16008,Aquila,25262,25301,25328
16009,Ario,37114,37178,37219
16010,Arteaga,20220,20162,20083
16011,Briseñas,12253,12331,12401
16012,Buenavista,44906,44669,44403
16013,Carácuaro,9352,9366,9373
16014,Coahuayana,19189,19554,19913
16015,Coalcomán de Vázquez Pallares,21260,21530,21782
16016,Coeneo,21673,21758,21825
16017,Contepec,36844,37084,37303
16018,Copándaro,9804,9835,9862
16019,Cotija,22214,22556,22891
16020,Cuitzeo,31117,31266,31398
16021,Charapan,14645,14819,14984
16022,Charo,27744,28162,28572
16023,Chavinda,10895,10958,11016
16024,Cherán,22399,22683,22963
16025,Chilchota,43595,44076,44536
16026,Chinicuila,4651,4619,4582
16027,Chucándiro,5555,5671,5771
16028,Churintzio,5648,5717,5783
16029,Churumuco,12396,12399,12401
16030,Ecuandureo,11712,11664,11602
16031,Epitacio Huerta,16399,16415,16420
16032,Erongarícuaro,16631,16762,16887
16033,Gabriel Zamora,20848,20674,20502
16034,Hidalgo,132050,132905,133702
16035,La Huacana,30766,30731,30692
16036,Huandacareo,11878,11887,11894
16037,Huaniqueo,8091,8098,8109
16038,Huetamo,44615,45015,45390
16039,Huiramba,9500,9573,9634
16040,Indaparapeo,19947,20205,20447
16041,Irimbo,17349,17558,17765
16042,Ixtlán,16692,17138,17596
16043,Jacona,69921,69950,69942
16044,Jiménez,13954,14120,14268
16045,Jiquilpan,41152,42050,42957
16046,Juárez,16049,16229,16399
16047,Jungapeo,18712,18450,18199
16048,Lagunillas,6004,6036,6067
16049,Madero,20921,21224,21527
16050,Maravatío,93018,93485,93905
16051,Marcos Castellanos,14692,14789,14878
16052,Lázaro Cárdenas,217244,220901,224515
16053,Morelia,918637,929468,939972
16054,Morelos,8434,8500,8561
16055,Múgica,47467,47669,47856
16056,Nahuatzen,35417,35836,36237
16057,Nocupétaro,8283,8276,8264
16058,Nuevo Parangaricutiro,22721,22994,23262
16059,Nuevo Urecho,10593,10887,11182
16060,Numarán,9549,9551,9541
16061,Ocampo,25953,26110,26259
16062,Pajacuarán,23576,24027,24473
16063,Panindícuaro,14580,14487,14381
16064,Parácuaro,27736,27833,27916
16065,Paracho,42899,43413,43906
16066,Pátzcuaro,106234,107471,108658
16067,Penjamillo,16825,16822,16805
16068,Peribán,32126,32587,33033
16069,La Piedad,112811,113735,114607
16070,Purépero,15940,15979,16009
16071,Puruándiro,71512,71742,71934
16072,Queréndaro,14495,14560,14615
16073,Quiroga,27299,27252,27187
16074,Cojumatlán de Régules,10933,10975,11011
16075,Los Reyes,88774,90465,92136
16076,Sahuayo,83110,83791,84425
16077,San Lucas,18054,18084,18096
16078,Santa Ana Maya,13189,13220,13245
16079,Salvador Escalante,51827,52067,52265
16080,Senguio,20894,21033,21167
16081,Susupuato,9477,9529,9577
16082,Tacámbaro,87150,88455,89730
16083,Tancítaro,36460,36939,37414
16084,Tangamandapio,34468,34908,35328
16085,Tangancícuaro,38258,38758,39230
16086,Tanhuato,16065,16124,16174
16087,Taretan,16973,17206,17429
16088,Tarímbaro,128967,131538,134089
16089,Tepalcatepec,25097,25232,25346
16090,Tingambato,17907,18176,18420
16091,Tingüindín,15626,15715,15794
16092,Tiquicheo de Nicolás Romero,12541,12455,12364
16093,Tlalpujahua,29704,29835,29956
16094,Tlazazalca,6873,6943,7012
16095,Tocumbo,13088,13206,13307
16096,Tumbiscatío,5615,5541,5469
16097,Turicato,28643,28507,28349
16098,Tuxpan,26170,26197,26211
16099,Tuzantla,14154,14083,14010
16100,Tzintzuntzan,15760,15878,15990
16101,Tzitzio,9010,9024,9023
16102,Uruapan,389723,395122,400422
16103,Venustiano Carranza,22911,22752,22573
16104,Villamar,16109,16129,16138
16105,Vista Hermosa,21684,21753,21814
16106,Yurécuaro,34343,34660,34951
16107,Zacapu,79657,79968,80235
16108,Zamora,220842,223345,225766
16109,Zináparo,3370,3390,3398
16110,Zinapécuaro,50749,50936,51084
16111,Ziracuaretiro,20157,20452,20740
16112,Zitácuaro,154483,153579,152605
16113,José Sixto Verduzco,26798,26832,26852
17001,Amacuzac,17693,17670,17641
17002,Atlatlahucan,28114,28617,29107
17003,Axochiapan,41125,41380,41614
17004,Ayala,94259,94877,95463
17005,Coatlán del Río,11035,11101,11164
17006,Cuautla,193868,194859,195766
17007,Cuernavaca,392952,394752,396389
17008,Emiliano Zapata,115981,117449,118883
17009,Huitzilac,26736,27057,27371
17010,Jantetelco,19481,19639,19789
17011,Jiutepec,222503,223399,224205
17012,Jojutla,58449,58454,58423
17013,Jonacatepec de Leandro Valle,17652,17800,17940
17014,Mazatepec,9726,9720,9714
17015,Miacatlán,16190,16220,16245
17016,Ocuituco,19978,20074,20161
17017,Puente de Ixtla,40767,40804,40824
17018,Temixco,127681,128388,129054
17019,Tepalcingo,28693,28723,28747
17020,Tepoztlán,59639,60345,61039
17021,Tetecala,7593,7565,7544
17022,Tetela del Volcán,15668,15784,15885
17023,Tlalnepantla,8362,8422,8470
17024,Tlaltizapán de Zapata,53781,53922,54036
17025,Tlaquiltenango,33819,33749,33653
17026,Tlayacapan,20648,20829,21003
17027,Totolapan,13493,13607,13706
17028,Xochitepec,78423,79185,79915
17029,Yautepec,108567,108833,109048
17030,Yecapixtla,60133,60775,61393
17031,Zacatepec,36126,36040,35938
17032,Zacualpan de Amilpas,10669,10777,10884
17033,Temoac,17434,17560,17677
17034,Coatetelco,11692,11729,11768
17035,Xoxocotla,28767,28878,28981
17036,Hueyapan,8406,8489,8565
18001,Acaponeta,37840,37860,37851
18002,Ahuacatlán,15592,15597,15590
18003,Amatlán de Cañas,11780,11801,11812
18004,Compostela,81780,82413,82982
18005,Huajicori,12209,12175,12120
18006,Ixtlán del Río,29821,29835,29823
18007,Jala,20410,20568,20709
18008,Xalisco,73749,75226,76684
18009,Del Nayar,53799,54893,55962
18010,Rosamorada,34276,34317,34328
18011,Ruíz,24617,24665,24691
18012,San Blas,42227,42269,42289
18013,San Pedro Lagunillas,8141,8203,8261
18014,Santa María del Oro,27383,27806,28203
18015,Santiago Ixcuintla,95083,95080,95005
18016,Tecuala,36275,36034,35767
18017,Tepic,453486,457625,461444
18018,Tuxpan,30480,30469,30446
18019,La Yesca,13884,13886,13874
18020,Bahía de Banderas,221450,227777,234181
19001,Abasolo,3262,3292,3312
19002,Agualeguas,4611,4844,5081
19003,Los Aldamas,1487,1485,1491
19004,Allende,34590,34033,33347
19005,Anáhuac,16750,16389,16010
19006,Apodaca,747838,764901,782070
19007,Aramberri,13923,13633,13329
19008,Bustamante,3573,3537,3492
19009,Cadereyta Jiménez,140444,142534,144183
19010,El Carmen,139237,144701,150095
19011,Cerralvo,6698,6532,6362
19012,Ciénega de Flores,92740,97224,101732
19013,China,8854,8603,8346
19014,Doctor Arroyo,33538,32636,31629
19015,Doctor Coss,1108,1054,1004
19016,Doctor González,3605,3650,3686
19017,Galeana,39111,38461,37723
19018,García,495731,514059,532868
19019,San Pedro Garza García,123389,120151,116527
19020,General Bravo,5329,5249,5160
19021,General Escobedo,546301,558181,570122
19022,General Terán,12524,12149,11763
19023,General Treviño,3072,3369,3679
19024,General Zaragoza,5913,5772,5612
19025,General Zuazua,135033,140674,146083
19026,Guadalupe,665553,669017,672252
19027,Los Herreras,2117,2125,2133
19028,Higueras,1392,1388,1377
19029,Hualahuises,6542,6372,6179
19030,Iturbide,3047,2984,2918
19031,Juárez,560836,576881,593168
19032,Lampazos de Naranjo,5065,4956,4837
19033,Linares,82176,80648,78847
19034,Marín,4830,4725,4608
19035,Melchor Ocampo,1882,1948,2004
19036,Mier y Noriega,8127,8149,8154
19037,Mina,6689,6757,6818
19038,Montemorelos,72650,73063,73311
19039,Monterrey,1172018,1174689,1176936
19040,Parás,817,795,770
19041,Pesquería,202281,212603,223015
19042,Los Ramones,6351,6504,6635
19043,Rayones,2130,2074,2005
19044,Sabinas Hidalgo,33534,33082,32574
19045,Salinas Victoria,114954,119654,124138
19046,San Nicolás de los Garza,424177,425810,427303
19047,Hidalgo,18238,18527,18771
19048,Santa Catarina,344233,351393,358580
19049,Santiago,50148,50388,50503
19050,Vallecillo,1411,1370,1337
19051,Villaldama,3264,3187,3109
20001,Abejones,806,798,792
20002,Acatlán de Pérez Figueroa,46000,46059,46100
20003,Asunción Cacalotepec,3263,3405,3554
20004,Asunción Cuyotepeji,1188,1202,1215
20005,Asunción Ixtaltepec,15674,15714,15751
20006,Asunción Nochixtlán,22227,22512,22797
20007,Asunción Ocotlán,2303,2278,2256
20008,Asunción Tlacolulita,728,726,726
20009,Ayotzintepec,6664,6606,6546
20010,El Barrio de la Soledad,13706,13722,13734
20011,Calihualá,1509,1514,1531
20012,Candelaria Loxicha,12027,12166,12302
20013,Ciénega de Zimatlán,3172,3189,3200
20014,Ciudad Ixtepec,27738,27603,27445
20015,Coatecas Altas,5774,5849,5918
20016,Coicoyán de las Flores,9255,9174,9090
20017,La Compañía,3919,3966,4018
20018,Concepción Buenavista,719,714,709
20019,Concepción Pápalo,2691,2679,2656
20020,Constancia del Rosario,5510,5630,5743
20021,Cosolapa,14713,14732,14748
20022,Cosoltepec,915,934,955
20023,Cuilápam de Guerrero,31327,32122,32924
20024,Cuyamecalco Villa de Zaragoza,3680,3671,3665
20025,Chahuites,11590,11609,11624
20026,Chalcatongo de Hidalgo,9109,9095,9079
20027,Chiquihuitlán de Benito Juárez,2124,2108,2087
20028,Heroica Ciudad de Ejutla de Crespo,24959,25237,25519
20029,Eloxochitlán de Flores Magón,4344,4351,4360
20030,El Espinal,9041,9080,9114
20031,Tamazulápam del Espíritu Santo,7516,7556,7596
20032,Fresnillo de Trujano,1142,1154,1167
20033,Guadalupe Etla,3141,3176,3210
20034,Guadalupe de Ramírez,1432,1463,1488
20035,Guelatao de Juárez,714,719,724
20036,Guevea de Humboldt,5287,5278,5268
20037,Mesones Hidalgo,4549,4564,4578
20038,Villa Hidalgo Yalálag,1869,1857,1846
20039,Heroica Ciudad de Huajuapan de León,79844,79914,79933
20040,Huautepec,6643,6671,6705
20041,Huautla de Jiménez,32166,32158,32135
20042,Ixtlán de Juárez,8710,8746,8783
20043,Juchitán de Zaragoza,122770,124161,125498
20044,Loma Bonita,41568,41611,41639
20045,Magdalena Apasco,7531,7441,7354
20046,Magdalena Jaltepec,2776,2741,2704
20047,Santa Magdalena Jicotlán,67,67,64
20048,Magdalena Mixtepec,1521,1531,1550
20049,Magdalena Ocotlán,1233,1241,1254
20050,Magdalena Peñasco,4219,4303,4387
20051,Magdalena Teitipac,5170,5236,5301
20052,Magdalena Tequisistlán,6007,5993,5969
20053,Magdalena Tlacotepec,1398,1415,1429
20054,Magdalena Zahuatlán,404,405,407
20055,Mariscala de Juárez,4060,4114,4170
20056,Mártires de Tacubaya,1487,1485,1490
20057,Matías Romero Avendaño,38602,38605,38605
20058,Mazatlán Villa de Flores,12519,12449,12376
20059,Miahuatlán de Porfirio Díaz,54787,55442,56065
20060,Mixistlán de la Reforma,2483,2477,2469
20061,Monjas,3113,3150,3185
20062,Natividad,530,533,541
20063,Nazareno Etla,4570,4610,4645
20064,Nejapa de Madero,9221,9332,9442
20065,Ixpantepec Nieves,1037,1024,1020
20066,Santiago Niltepec,5428,5433,5435
20067,Oaxaca de Juárez,285221,287482,289692
20068,Ocotlán de Morelos,25358,25603,25834
20069,La Pe,3297,3339,3372
20070,Pinotepa de Don Luis,6457,6461,6453
20071,Pluma Hidalgo,3751,3838,3929
20072,San José del Progreso,8623,8697,8780
20073,Putla Villa de Guerrero,36798,37122,37425
20074,Santa Catarina Quioquitani,461,459,461
20075,Reforma de Pineda,2670,2673,2672
20076,La Reforma,3615,3642,3676
20077,Reyes Etla,4752,4810,4861
20078,Rojas de Cuauhtémoc,1407,1424,1445
20079,Salina Cruz,80243,79261,78229
20080,San Agustín Amatengo,1762,1789,1821
20081,San Agustín Atenango,2015,2037,2056
20082,San Agustín Chayuco,4320,4341,4355
20083,San Agustín de las Juntas,13790,14258,14742
20084,San Agustín Etla,4453,4493,4532
20085,San Agustín Loxicha,28415,28771,29117
20086,San Agustín Tlacotepec,1135,1156,1172
20087,San Agustín Yatareni,6002,6073,6133
20088,San Andrés Cabecera Nueva,2976,2992,3000
20089,San Andrés Dinicuiti,2557,2603,2644
20090,San Andrés Huaxpaltepec,6493,6536,6567
20091,San Andrés Huayápam,6960,7071,7182
20092,San Andrés Ixtlahuaca,1893,1910,1932
20093,San Andrés Lagunas,563,568,578
20094,San Andrés Nuxiño,1974,1994,2007
20095,San Andrés Paxtlán,4887,4932,4976
20096,San Andrés Sinaxtla,810,818,825
20097,San Andrés Solaga,1903,1926,1942
20098,San Andrés Teotilálpam,4295,4299,4294
20099,San Andrés Tepetlapa,383,386,384
20100,San Andrés Yaá,384,385,380
20101,San Andrés Zabache,765,771,769
20102,San Andrés Zautla,5830,5914,5984
20103,San Antonino Castillo Velasco,6353,6395,6432
20104,San Antonino el Alto,2840,2861,2874
20105,San Antonino Monte Verde,8168,8239,8309
20106,San Antonio Acutla,248,246,248
20107,San Antonio de la Cal,29555,30125,30707
20108,San Antonio Huitepec,2870,2867,2858
20109,San Antonio Nanahuatípam,1242,1243,1239
20110,San Antonio Sinicahua,1901,1944,1991
20111,San Antonio Tepetlapa,5682,5832,5988
20112,San Baltazar Chichicápam,2689,2708,2719
20113,San Baltazar Loxicha,3391,3427,3465
20114,San Baltazar Yatzachi el Bajo,713,717,727
20115,San Bartolo Coyotepec,11221,11351,11475
20116,San Bartolomé Ayautla,3878,3819,3766
20117,San Bartolomé Loxicha,2224,2221,2220
20118,San Bartolomé Quialana,2362,2356,2343
20119,San Bartolomé Yucuañe,851,873,891
20120,San Bartolomé Zoogocho,504,514,517
20121,San Bartolo Soyaltepec,571,567,558
20122,San Bartolo Yautepec,680,679,685
20123,San Bernardo Mixtepec,2948,2971,2980
20124,Heroica Villa de San Blas Atempa,21166,21396,21613
20125,San Carlos Yautepec,11676,11653,11627
20126,San Cristóbal Amatlán,5736,5781,5832
20127,San Cristóbal Amoltepec,1592,1658,1731
20128,San Cristóbal Lachirioag,1513,1546,1576
20129,San Cristóbal Suchixtlahuaca,356,348,348
20130,San Dionisio del Mar,5329,5339,5354
20131,San Dionisio Ocotepec,12416,12578,12738
20132,San Dionisio Ocotlán,1798,1889,1980
20133,San Esteban Atatlahuca,4363,4442,4513
20134,San Felipe Jalapa de Díaz,29548,29682,29802
20135,San Felipe Tejalápam,8730,8810,8880
20136,San Felipe Usila,12963,13082,13187
20137,San Francisco Cahuacuá,3561,3569,3578
20138,San Francisco Cajonos,467,468,466
20139,San Francisco Chapulapa,2391,2423,2446
20140,San Francisco Chindúa,839,845,849
20141,San Francisco del Mar,9348,9438,9532
20142,San Francisco Huehuetlán,795,787,772
20143,San Francisco Ixhuatán,10091,10183,10273
20144,San Francisco Jaltepetongo,1234,1269,1293
20145,San Francisco Lachigoló,6495,6743,6995
20146,San Francisco Logueche,2846,2849,2844
20147,San Francisco Nuxaño,391,394,393
20148,San Francisco Ozolotepec,2339,2362,2383
20149,San Francisco Sola,2185,2208,2234
20150,San Francisco Telixtlahuaca,15087,15295,15482
20151,San Francisco Teopan,303,300,295
20152,San Francisco Tlapancingo,2680,2710,2743
20153,San Gabriel Mixtepec,5052,5066,5074
20154,San Ildefonso Amatlán,2316,2308,2299
20155,San Ildefonso Sola,1140,1149,1164
20156,San Ildefonso Villa Alta,4136,4220,4306
20157,San Jacinto Amilpas,18253,18483,18697
20158,San Jacinto Tlacotepec,2254,2253,2244
20159,San Jerónimo Coatlán,5912,5971,6022
20160,San Jerónimo Silacayoapilla,1484,1489,1492
20161,San Jerónimo Sosola,3006,3049,3097
20162,San Jerónimo Taviche,2181,2202,2217
20163,San Jerónimo Tecóatl,1583,1576,1571
20164,San Jorge Nuchita,3036,3049,3067
20165,San José Ayuquila,1735,1748,1760
20166,San José Chiltepec,10610,10450,10287
20167,San José del Peñasco,2294,2321,2345
20168,San José Estancia Grande,947,940,941
20169,San José Independencia,4629,4696,4754
20170,San José Lachiguiri,4280,4385,4491
20171,San José Tenango,18043,17988,17924
20172,San Juan Achiutla,451,462,463
20173,San Juan Atepec,1462,1461,1460
20174,Ánimas Trujano,5085,5177,5259
20175,San Juan Bautista Atatlahuca,1421,1419,1418
20176,San Juan Bautista Coixtlahuaca,2790,2793,2801
20177,San Juan Bautista Cuicatlán,10994,11093,11184
20178,San Juan Bautista Guelache,6563,6519,6471
20179,San Juan Bautista Jayacatlán,1446,1449,1442
20180,San Juan Bautista Lo de Soto,2375,2381,2385
20181,San Juan Bautista Suchitepec,471,472,476
20182,San Juan Bautista Tlacoatzintepec,2207,2202,2200
20183,San Juan Bautista Tlachichilco,1595,1613,1627
20184,San Juan Bautista Tuxtepec,157569,156782,155905
20185,San Juan Cacahuatepec,9323,9379,9434
20186,San Juan Cieneguilla,499,500,493
20187,San Juan Coatzóspam,1822,1820,1824
20188,San Juan Colorado,9754,9767,9773
20189,San Juan Comaltepec,3319,3350,3380
20190,San Juan Cotzocón,22686,22697,22694
20191,San Juan Chicomezúchil,295,295,292
20192,San Juan Chilateca,1581,1588,1595
20193,San Juan del Estado,3010,3048,3083
20194,San Juan del Río,1467,1476,1497
20195,San Juan Diuxi,1052,1046,1041
20196,San Juan Evangelista Analco,411,412,414
20197,San Juan Guelavía,3414,3418,3439
20198,San Juan Guichicovi,31010,31167,31316
20199,San Juan Ihualtepec,444,430,421
20200,San Juan Juquila Mixes,3748,3739,3742
20201,San Juan Juquila Vijanos,1893,1887,1883
20202,San Juan Lachao,4636,4647,4649
20203,San Juan Lachigalla,3869,3930,3979
20204,San Juan Lajarcia,671,670,675
20205,San Juan Lalana,17158,17142,17117
20206,San Juan de los Cués,2412,2397,2385
20207,San Juan Mazatlán,19372,19379,19386
20208,San Juan Mixtepec,7293,7342,7387
20209,San Juan Mixtepec,579,575,566
20210,San Juan Ñumí,5852,5849,5849
20211,San Juan Ozolotepec,4451,4657,4882
20212,San Juan Petlapa,3330,3361,3390
20213,San Juan Quiahije,4217,4211,4205
20214,San Juan Quiotepec,2109,2121,2131
20215,San Juan Sayultepec,943,957,966
20216,San Juan Tabaá,1260,1256,1257
20217,San Juan Tamazola,3901,4020,4123
20218,San Juan Teita,560,563,564
20219,San Juan Teitipac,2751,2753,2769
20220,San Juan Tepeuxila,2776,2784,2793
20221,San Juan Teposcolula,1854,1922,1994
20222,San Juan Yaeé,1387,1372,1370
20223,San Juan Yatzona,442,440,438
20224,San Juan Yucuita,745,762,782
20225,San Lorenzo,5931,5926,5915
20226,San Lorenzo Albarradas,3287,3339,3398
20227,San Lorenzo Cacaotepec,21422,21991,22566
20228,San Lorenzo Cuaunecuiltitla,865,866,872
20229,San Lorenzo Texmelúcan,10200,10387,10566
20230,San Lorenzo Victoria,924,926,923
20231,San Lucas Camotlán,3397,3426,3453
20232,San Lucas Ojitlán,24865,25332,25798
20233,San Lucas Quiaviní,1721,1716,1713
20234,San Lucas Zoquiápam,7283,7280,7284
20235,San Luis Amatlán,4074,4119,4147
20236,San Marcial Ozolotepec,1367,1371,1364
20237,San Marcos Arteaga,1757,1789,1819
20238,San Martín de los Cansecos,1068,1086,1100
20239,San Martín Huamelúlpam,996,998,994
20240,San Martín Itunyoso,3340,3461,3576
20241,San Martín Lachilá,1052,1050,1051
20242,San Martín Peras,13089,13187,13283
20243,San Martín Tilcajete,2133,2159,2180
20244,San Martín Toxpalan,4075,4098,4107
20245,San Martín Zacatepec,1361,1363,1365
20246,San Mateo Cajonos,620,620,614
20247,Capulálpam de Méndez,1725,1737,1756
20248,San Mateo del Mar,16542,16684,16820
20249,San Mateo Yoloxochitlán,4074,4109,4142
20250,San Mateo Etlatongo,1409,1438,1466
20251,San Mateo Nejápam,1308,1328,1338
20252,San Mateo Peñasco,2556,2581,2606
20253,San Mateo Piñas,1976,1957,1946
20254,San Mateo Río Hondo,3315,3321,3339
20255,San Mateo Sindihui,2008,2002,2006
20256,San Mateo Tlapiltepec,238,237,238
20257,San Melchor Betaza,1139,1149,1167
20258,San Miguel Achiutla,688,685,679
20259,San Miguel Ahuehuetitlán,2172,2170,2167
20260,San Miguel Aloápam,1988,1944,1906
20261,San Miguel Amatitlán,6828,6794,6759
20262,San Miguel Amatlán,996,992,992
20263,San Miguel Coatlán,3221,3215,3211
20264,San Miguel Chicahua,2266,2280,2292
20265,San Miguel Chimalapa,6826,6835,6841
20266,San Miguel del Puerto,8830,8869,8896
20267,San Miguel del Río,248,247,247
20268,San Miguel Ejutla,1246,1262,1279
20269,San Miguel el Grande,4581,4624,4655
20270,San Miguel Huautla,1603,1653,1715
20271,San Miguel Mixtepec,3449,3481,3516
20272,San Miguel Panixtlahuaca,6359,6361,6372
20273,San Miguel Peras,4515,4634,4770
20274,San Miguel Piedras,1405,1419,1425
20275,San Miguel Quetzaltepec,7348,7353,7351
20276,San Miguel Santa Flor,689,685,685
20277,Villa Sola de Vega,12402,12370,12351
20278,San Miguel Soyaltepec,37967,37729,37471
20279,San Miguel Suchixtepec,3273,3331,3391
20280,Villa Talea de Castro,1927,1907,1888
20281,San Miguel Tecomatlán,333,336,340
20282,San Miguel Tenango,637,634,627
20283,San Miguel Tequixtepec,1106,1117,1123
20284,San Miguel Tilquiápam,3156,3150,3145
20285,San Miguel Tlacamama,3702,3702,3703
20286,San Miguel Tlacotepec,3063,3044,3031
20287,San Miguel Tulancingo,320,321,325
20288,San Miguel Yotao,580,582,576
20289,San Nicolás,1318,1334,1346
20290,San Nicolás Hidalgo,1126,1144,1161
20291,San Pablo Coatlán,4436,4452,4463
20292,San Pablo Cuatro Venados,1639,1656,1678
20293,San Pablo Etla,18183,18342,18497
20294,San Pablo Huitzo,7110,7106,7091
20295,San Pablo Huixtepec,10690,10796,10888
20296,San Pablo Macuiltianguis,1041,1051,1064
20297,San Pablo Tijaltepec,3063,3118,3174
20298,San Pablo Villa de Mitla,14766,14970,15153
20299,San Pablo Yaganiza,1200,1216,1228
20300,San Pedro Amuzgos,6656,6643,6623
20301,San Pedro Apóstol,1709,1730,1747
20302,San Pedro Atoyac,4618,4622,4619
20303,San Pedro Cajonos,1092,1096,1094
20304,San Pedro Coxcaltepec Cántaros,702,700,699
20305,San Pedro Comitancillo,4513,4529,4555
20306,San Pedro el Alto,5138,5208,5282
20307,San Pedro Huamelula,9898,9907,9911
20308,San Pedro Huilotepec,3519,3549,3581
20309,San Pedro Ixcatlán,10466,10473,10476
20310,San Pedro Ixtlahuaca,18453,19175,19910
20311,San Pedro Jaltepetongo,425,410,403
20312,San Pedro Jicayán,11229,11207,11170
20313,San Pedro Jocotipac,687,679,676
20314,San Pedro Juchatengo,2002,2050,2097
20315,San Pedro Mártir,2024,2039,2062
20316,San Pedro Mártir Quiechapa,796,809,812
20317,San Pedro Mártir Yucuxaco,1294,1291,1292
20318,San Pedro Mixtepec,51829,52075,52297
20319,San Pedro Mixtepec,937,930,927
20320,San Pedro Molinos,758,760,769
20321,San Pedro Nopala,790,797,803
20322,San Pedro Ocopetatillo,789,788,788
20323,San Pedro Ocotepec,2576,2604,2636
20324,San Pedro Pochutla,49430,49531,49595
20325,San Pedro Quiatoni,12883,13039,13189
20326,San Pedro Sochiápam,5145,5159,5158
20327,San Pedro Tapanatepec,16043,16115,16179
20328,San Pedro Taviche,1567,1585,1599
20329,San Pedro Teozacoalco,1107,1091,1080
20330,San Pedro Teutila,4422,4437,4439
20331,San Pedro Tidaá,1062,1074,1087
20332,San Pedro Topiltepec,413,419,428
20333,San Pedro Totolápam,3753,3841,3920
20334,Villa de Tututepec,53960,54477,54980
20335,San Pedro Yaneri,859,852,854
20336,San Pedro Yólox,1712,1713,1703
20337,San Pedro y San Pablo Ayutla,6664,6860,7061
20338,Villa de Etla,10059,9973,9888
20339,San Pedro y San Pablo Teposcolula,4782,4856,4928
20340,San Pedro y San Pablo Tequixtepec,1833,1851,1864
20341,San Pedro Yucunama,242,244,245
20342,San Raymundo Jalpan,4694,4797,4893
20343,San Sebastián Abasolo,2089,2101,2113
20344,San Sebastián Coatlán,2981,3003,3029
20345,San Sebastián Ixcapa,4351,4367,4382
20346,San Sebastián Nicananduta,1666,1691,1714
20347,San Sebastián Río Hondo,4552,4604,4663
20348,San Sebastián Tecomaxtlahuaca,8230,8219,8200
20349,San Sebastián Teitipac,2325,2349,2365
20350,San Sebastián Tutla,15696,15437,15179
20351,San Simón Almolongas,2806,2801,2795
20352,San Simón Zahuatlán,5675,5799,5917
20353,Santa Ana,2605,2635,2661
20354,Santa Ana Ateixtlahuaca,464,457,454
20355,Santa Ana Cuauhtémoc,660,651,645
20356,Santa Ana del Valle,2326,2345,2369
20357,Santa Ana Tavela,959,979,992
20358,Santa Ana Tlapacoyan,1986,1989,1988
20359,Santa Ana Yareni,580,567,560
20360,Santa Ana Zegache,4254,4293,4335
20361,Santa Catalina Quierí,785,776,757
20362,Santa Catarina Cuixtla,1546,1549,1549
20363,Santa Catarina Ixtepeji,2814,2830,2852
20364,Santa Catarina Juquila,20217,20453,20684
20365,Santa Catarina Lachatao,1060,1056,1052
20366,Santa Catarina Loxicha,3550,3515,3481
20367,Santa Catarina Mechoacán,4759,4780,4799
20368,Santa Catarina Minas,2204,2220,2242
20369,Santa Catarina Quiané,2342,2368,2388
20370,Santa Catarina Tayata,667,665,668
20371,Santa Catarina Ticuá,1004,999,1001
20372,Santa Catarina Yosonotú,1246,1226,1214
20373,Santa Catarina Zapoquila,451,458,466
20374,Santa Cruz Acatepec,1772,1789,1808
20375,Santa Cruz Amilpas,13746,13811,13868
20376,Santa Cruz de Bravo,377,379,378
20377,Santa Cruz Itundujia,10889,10881,10870
20378,Santa Cruz Mixtepec,4098,4160,4226
20379,Santa Cruz Nundaco,3038,3052,3056
20380,Santa Cruz Papalutla,2387,2414,2437
20381,Santa Cruz Tacache de Mina,3163,3197,3230
20382,Santa Cruz Tacahua,1272,1283,1295
20383,Santa Cruz Tayata,614,611,614
20384,Santa Cruz Xitla,4998,5020,5050
20385,Santa Cruz Xoxocotlán,109628,111159,112636
20386,Santa Cruz Zenzontepec,19828,19923,20013
20387,Santa Gertrudis,2934,2931,2936
20388,Santa Inés del Monte,3386,3492,3605
20389,Santa Inés Yatzeche,915,903,904
20390,Santa Lucía del Camino,52513,52811,53093
20391,Santa Lucía Miahuatlán,3412,3413,3406
20392,Santa Lucía Monteverde,7159,7215,7282
20393,Santa Lucía Ocotlán,4580,4648,4713
20394,Santa María Alotepec,2868,2877,2878
20395,Santa María Apazco,1602,1586,1581
20396,Santa María la Asunción,3310,3310,3315
20397,Heroica Ciudad de Tlaxiaco,40670,40662,40631
20398,Ayoquezco de Aldama,5183,5223,5278
20399,Santa María Atzompa,48482,49692,50913
20400,Santa María Camotlán,1824,1847,1862
20401,Santa María Colotepec,30054,30566,31079
20402,Santa María Cortijo,1085,1089,1089
20403,Santa María Coyotepec,4440,4566,4696
20404,Santa María Chachoápam,795,800,804
20405,Villa de Chilapa de Díaz,1806,1806,1802
20406,Santa María Chilchotla,22955,23178,23402
20407,Santa María Chimalapa,10235,10327,10424
20408,Santa María del Rosario,519,523,532
20409,Santa María del Tule,9044,9038,9025
20410,Santa María Ecatepec,3520,3531,3537
20411,Santa María Guelacé,970,978,988
20412,Santa María Guienagati,3225,3233,3232
20413,Santa María Huatulco,57477,58656,59819
20414,Santa María Huazolotitlán,12776,12897,13002
20415,Santa María Ipalapa,4915,4910,4904
20416,Santa María Ixcatlán,434,429,422
20417,Santa María Jacatepec,10014,10050,10086
20418,Santa María Jalapa del Marqués,11766,11746,11733
20419,Santa María Jaltianguis,715,742,759
20420,Santa María Lachixío,1694,1694,1699
20421,Santa María Mixtequilla,4872,4889,4912
20422,Santa María Nativitas,636,631,637
20423,Santa María Nduayaco,446,446,438
20424,Santa María Ozolotepec,3712,3691,3665
20425,Santa María Pápalo,2095,2095,2099
20426,Santa María Peñoles,9516,9596,9678
20427,Santa María Petapa,17624,17769,17900
20428,Santa María Quiegolani,2457,2496,2535
20429,Santa María Sola,1575,1586,1593
20430,Santa María Tataltepec,291,288,287
20431,Santa María Tecomavaca,2005,2035,2060
20432,Santa María Temaxcalapa,910,912,911
20433,Santa María Temaxcaltepec,3030,3095,3152
20434,Santa María Teopoxco,4011,4010,4007
20435,Santa María Tepantlali,3727,3750,3769
20436,Santa María Texcatitlán,875,870,862
20437,Santa María Tlahuitoltepec,10588,10740,10894
20438,Santa María Tlalixtac,2101,2144,2194
20439,Santa María Tonameca,26146,26236,26315
20440,Santa María Totolapilla,788,781,780
20441,Santa María Xadani,9814,9894,9979
20442,Santa María Yalina,234,230,221
20443,Santa María Yavesía,439,440,438
20444,Santa María Yolotepec,573,588,607
20445,Santa María Yosoyúa,1818,1830,1850
20446,Santa María Yucuhiti,6020,6002,5987
20447,Santa María Zacatepec,18447,18669,18888
20448,Santa María Zaniza,2735,2781,2826
20449,Santa María Zoquitlán,3753,3829,3914
20450,Santiago Amoltepec,14779,14919,15054
20451,Santiago Apoala,1209,1245,1280
20452,Santiago Apóstol,4961,5062,5152
20453,Santiago Astata,4192,4237,4271
20454,Santiago Atitlán,4414,4574,4748
20455,Santiago Ayuquililla,3314,3392,3464
20456,Santiago Cacaloxtepec,1958,2014,2069
20457,Santiago Camotlán,3680,3739,3797
20458,Santiago Comaltepec,1409,1457,1509
20459,Villa de Santiago Chazumba,5523,5641,5754
20460,Santiago Choápam,5576,5631,5682
20461,Santiago del Río,546,543,547
20462,Santiago Huajolotitlán,5264,5386,5504
20463,Santiago Huauclilla,525,520,518
20464,Santiago Ihuitlán Plumas,331,330,328
20465,Santiago Ixcuintepec,1696,1704,1715
20466,Santiago Ixtayutla,14790,14936,15072
20467,Santiago Jamiltepec,19219,19183,19144
20468,Santiago Jocotepec,14396,14386,14376
20469,Santiago Juxtlahuaca,33439,33108,32756
20470,Santiago Lachiguiri,4433,4437,4440
20471,Santiago Lalopa,432,432,430
20472,Santiago Laollaga,3489,3497,3508
20473,Santiago Laxopa,1301,1299,1295
20474,Santiago Llano Grande,3560,3572,3583
20475,Santiago Matatlán,10826,10922,11006
20476,Santiago Miltepec,458,465,471
20477,Santiago Minas,1285,1273,1264
20478,Santiago Nacaltepec,1472,1446,1414
20479,Santiago Nejapilla,173,169,167
20480,Santiago Nundiche,1474,1490,1501
20481,Santiago Nuyoó,2002,2020,2028
20482,Santiago Pinotepa Nacional,59387,59905,60402
20483,Santiago Suchilquitongo,11797,11947,12097
20484,Santiago Tamazola,4731,4778,4810
20485,Santiago Tapextla,3166,3173,3168
20486,Villa Tejúpam de la Unión,2458,2459,2455
20487,Santiago Tenango,1989,1995,1997
20488,Santiago Tepetlapa,154,160,162
20489,Santiago Tetepec,4948,4943,4945
20490,Santiago Texcalcingo,2945,2931,2920
20491,Santiago Textitlán,5276,5333,5379
20492,Santiago Tilantongo,2594,2552,2520
20493,Santiago Tillo,565,563,564
20494,Santiago Tlazoyaltepec,6857,6918,6991
20495,Santiago Xanica,3004,2995,2985
20496,Santiago Xiacuí,2093,2124,2158
20497,Santiago Yaitepec,4147,4122,4092
20498,Santiago Yaveo,8209,8310,8408
20499,Santiago Yolomécatl,1931,1924,1935
20500,Santiago Yosondúa,8122,8127,8138
20501,Santiago Yucuyachi,1080,1092,1106
20502,Santiago Zacatepec,5168,5176,5173
20503,Santiago Zoochila,456,454,461
20504,Nuevo Zoquiápam,1617,1622,1626
20505,Santo Domingo Ingenio,7817,7832,7836
20506,Santo Domingo Albarradas,855,860,870
20507,Santo Domingo Armenta,3189,3196,3197
20508,Santo Domingo Chihuitán,1790,1813,1842
20509,Santo Domingo de Morelos,12214,12347,12475
20510,Santo Domingo Ixcatlán,901,928,954
20511,Santo Domingo Nuxaá,3609,3653,3690
20512,Santo Domingo Ozolotepec,1224,1244,1261
20513,Santo Domingo Petapa,9188,9196,9201
20514,Santo Domingo Roayaga,914,911,906
20515,Santo Domingo Tehuantepec,71877,72513,73107
20516,Santo Domingo Teojomulco,5495,5522,5548
20517,Santo Domingo Tepuxtepec,6602,6687,6772
20518,Santo Domingo Tlatayápam,110,107,107
20519,Santo Domingo Tomaltepec,3622,3661,3687
20520,Santo Domingo Tonalá,8002,8095,8196
20521,Santo Domingo Tonaltepec,270,274,275
20522,Santo Domingo Xagacía,1435,1477,1518
20523,Santo Domingo Yanhuitlán,1799,1829,1851
20524,Santo Domingo Yodohino,344,348,349
20525,Santo Domingo Zanatepec,12951,13001,13051
20526,Santos Reyes Nopala,15911,15726,15536
20527,Santos Reyes Pápalo,2466,2453,2446
20528,Santos Reyes Tepejillo,834,820,805
20529,Santos Reyes Yucuná,1572,1584,1596
20530,Santo Tomás Jalieza,4232,4280,4328
20531,Santo Tomás Mazaltepec,2611,2606,2594
20532,Santo Tomás Ocotepec,4527,4606,4687
20533,Santo Tomás Tamazulapan,3009,3052,3098
20534,San Vicente Coatlán,3555,3560,3559
20535,San Vicente Lachixío,3567,3624,3683
20536,San Vicente Nuñú,497,503,509
20537,Silacayoápam,7009,7050,7083
20538,Sitio de Xitlapehua,767,785,789
20539,Soledad Etla,7095,7221,7349
20540,Villa de Tamazulápam del Progreso,8963,9068,9162
20541,Tanetze de Zaragoza,1528,1519,1513
20542,Taniche,950,953,965
20543,Tataltepec de Valdés,6935,7032,7119
20544,Teococuilco de Marcos Pérez,1056,1062,1062
20545,Teotitlán de Flores Magón,10434,10467,10497
20546,Teotitlán del Valle,6895,6969,7045
20547,Teotongo,1102,1112,1130
20548,Tepelmeme Villa de Morelos,2107,2124,2145
20549,"""Heroica Villa Tezoatlán de Segura y Luna",0,0,0
20550,San Jerónimo Tlacochahuaya,6126,6175,6231
20551,Tlacolula de Matamoros,34218,34847,35475
20552,Tlacotepec Plumas,387,383,382
20553,Tlalixtac de Cabrera,13541,13789,14044
20554,Totontepec Villa de Morelos,6597,6714,6840
20555,Trinidad Zaachila,3663,3696,3736
20556,La Trinidad Vista Hermosa,327,331,335
20557,Unión Hidalgo,13845,13676,13502
20558,Valerio Trujano,1393,1398,1392
20559,San Juan Bautista Valle Nacional,23599,23643,23676
20560,Villa Díaz Ordaz,6536,6531,6527
20561,Yaxe,3141,3169,3194
20562,Magdalena Yodocono de Porfirio Díaz,1829,1857,1881
20563,Yogana,1263,1258,1257
20564,Yutanduchi de Guerrero,1275,1293,1305
20565,Villa de Zaachila,50544,51219,51865
20566,San Mateo Yucutindó,3232,3236,3243
20567,Zapotitlán Lagunas,3692,3740,3789
20568,Zapotitlán Palmas,1814,1827,1844
20569,Santa Inés de Zaragoza,1380,1357,1342
20570,Zimatlán de Álvarez,24005,24316,24621
21001,Acajete,81076,82490,83887
21002,Acateno,9458,9492,9520
21003,Acatlán,39073,39172,39253
21004,Acatzingo,69572,70556,71523
21005,Acteopan,3186,3210,3223
21006,Ahuacatlán,14492,14462,14425
21007,Ahuatlán,3157,3152,3139
21008,Ahuazotepec,11701,11723,11741
21009,Ahuehuetitla,2741,2852,2965
21010,Ajalpan,83359,84837,86310
21011,Albino Zertuche,1960,1966,1973
21012,Aljojuca,6812,6843,6865
21013,Altepexi,24538,24860,25170
21014,Amixtlán,4826,4805,4802
21015,Amozoc,136668,138466,140223
21016,Aquixtla,9362,9403,9439
21017,Atempan,31567,31838,32107
21018,Atexcal,3984,3991,4005
21019,Atlixco,146974,147557,148077
21020,Atoyatempan,8352,8462,8562
21021,Atzala,1699,1731,1761
21022,Atzitzihuacán,13250,13282,13311
21023,Atzitzintla,8801,8736,8662
21024,Axutla,1070,1081,1098
21025,Ayotoxco de Guerrero,8275,8272,8266
21026,Calpan,15783,15835,15874
21027,Caltepec,4432,4484,4527
21028,Camocuautla,2913,2941,2962
21029,Caxhuacan,4030,4065,4099
21030,Coatepec,792,796,800
21031,Coatzingo,2751,2735,2720
21032,Cohetzala,1403,1407,1409
21033,Cohuecan,6057,6172,6283
21034,Coronango,52700,53734,54765
21035,Coxcatlán,21368,21461,21547
21036,Coyomeapan,15518,15609,15693
21037,Coyotepec,2475,2500,2518
21038,Cuapiaxtla de Madero,11108,11190,11267
21039,Cuautempan,10233,10281,10324
21040,Cuautinchán,14083,14392,14697
21041,Cuautlancingo,170843,177566,184451
21042,Cuayuca de Andrade,3474,3492,3518
21043,Cuetzalan del Progreso,51435,51600,51738
21044,Cuyoaco,18933,19245,19552
21045,Chalchicomula de Sesma,49679,50009,50322
21046,Chapulco,8753,8836,8918
21047,Chiautla,23631,23949,24265
21048,Chiautzingo,24039,24368,24701
21049,Chiconcuautla,18406,18557,18709
21050,Chichiquila,28167,28336,28497
21051,Chietla,40297,40851,41381
21052,Chigmecatitlán,1316,1329,1343
21053,Chignahuapan,72014,72930,73830
21054,Chignautla,36603,36774,36934
21055,Chila,5797,5927,6059
21056,Chila de la Sal,1283,1271,1260
21057,Honey,6321,6247,6170
21058,Chilchotla,21976,22109,22224
21059,Chinantla,3706,3888,4073
21060,Domingo Arenas,8646,8753,8858
21061,Eloxochitlán,16943,17417,17890
21062,Epatlán,5166,5201,5234
21063,Esperanza,14640,14580,14515
21064,Francisco Z. Mena,18443,18505,18558
21065,General Felipe Ángeles,24908,25276,25638
21066,Guadalupe,7328,7490,7646
21067,Guadalupe Victoria,21118,21541,21957
21068,Hermenegildo Galeana,6951,6928,6901
21069,Huaquechula,35000,36116,37260
21070,Huatlatlauca,5938,5887,5840
21071,Huauchinango,105094,105056,104966
21072,Huehuetla,15486,15168,14845
21073,Huehuetlán el Chico,11450,11768,12097
21074,Huejotzingo,100524,102072,103602
21075,Hueyapan,13368,13387,13409
21076,Hueytamalco,29634,29963,30275
21077,Hueytlalpan,6928,7112,7297
21078,Huitzilan de Serdán,16977,17138,17299
21079,Huitziltepec,6291,6379,6466
21080,Atlequizayan,2733,2742,2755
21081,Ixcamilpa de Guerrero,4605,4706,4802
21082,Ixcaquixtla,8915,8920,8917
21083,Ixtacamaxtitlán,26392,26527,26659
21084,Ixtepec,7062,7062,7060
21085,Izúcar de Matamoros,86673,87174,87630
21086,Jalpan,12102,12082,12055
21087,Jolalpan,13732,13783,13825
21088,Jonotla,4436,4419,4403
21089,Jopala,12186,12170,12150
21090,Juan C. Bonilla,26356,26798,27233
21091,Juan Galindo,9666,9618,9564
21092,Juan N. Méndez,5438,5455,5466
21093,Lafragua,7616,7592,7564
21094,Libres,40591,41136,41669
21095,La Magdalena Tlatlauquitepec,728,739,748
21096,Mazapiltepec de Juárez,3490,3539,3592
21097,Mixtla,2961,3013,3066
21098,Molcaxac,6955,6989,7021
21099,Cañada Morelos,22517,22825,23137
21100,Naupan,9354,9339,9331
21101,Nauzontla,3365,3365,3369
21102,Nealtican,15389,15601,15816
21103,Nicolás Bravo,7029,7093,7147
21104,Nopalucan,35188,35577,35948
21105,Ocotepec,5503,5574,5644
21106,Ocoyucan,48906,49883,50852
21107,Olintla,12605,12691,12778
21108,Oriental,21985,22344,22703
21109,Pahuatlán,20183,20135,20073
21110,Palmar de Bravo,54988,55794,56585
21111,Pantepec,19119,19187,19244
21112,Petlalcingo,9476,9480,9482
21113,Piaxtla,4748,4760,4766
21114,Puebla,1837080,1861208,1884754
21115,Quecholac,64196,65251,66285
21116,Quimixtlán,23809,23927,24051
21117,Rafael Lara Grajales,18213,18636,19053
21118,Los Reyes de Juárez,32794,33261,33714
21119,San Andrés Cholula,176080,180041,184010
21120,San Antonio Cañada,6375,6444,6514
21121,San Diego la Mesa Tochimiltzingo,1359,1369,1388
21122,San Felipe Teotlalcingo,11509,11565,11616
21123,San Felipe Tepatlán,3770,3755,3741
21124,San Gabriel Chilac,16266,16289,16300
21125,San Gregorio Atzompa,10560,10707,10853
21126,San Jerónimo Tecuanipan,6962,7011,7063
21127,San Jerónimo Xayacatlán,3813,3847,3878
21128,San José Chiapa,11553,11739,11913
21129,San José Miahuatlán,14746,14843,14938
21130,San Juan Atenco,3905,3953,4005
21131,San Juan Atzompa,1128,1155,1186
21132,San Martín Texmelucan,160829,161420,161925
21133,San Martín Totoltepec,689,684,686
21134,San Matías Tlalancaleca,22006,22156,22291
21135,San Miguel Ixitlán,583,598,607
21136,San Miguel Xoxtla,13017,13091,13172
21137,San Nicolás Buenos Aires,10950,11018,11082
21138,San Nicolás de los Ranchos,11971,11983,11986
21139,San Pablo Anicano,3895,3901,3919
21140,San Pedro Cholula,149929,151842,153691
21141,San Pedro Yeloixtlahuaca,3703,3735,3762
21142,San Salvador el Seco,32580,32896,33198
21143,San Salvador el Verde,38460,39061,39659
21144,San Salvador Huixcolotla,18808,19162,19510
21145,San Sebastián Tlacotepec,13063,13013,12955
21146,Santa Catarina Tlaltempan,748,747,742
21147,Santa Inés Ahuatempan,6604,6638,6667
21148,Santa Isabel Cholula,13981,14470,14959
21149,Santiago Miahuatlán,36094,37199,38313
21150,Huehuetlán el Grande,6142,6149,6153
21151,Santo Tomás Hueyotlipan,10146,10287,10420
21152,Soltepec,13163,13233,13293
21153,Tecali de Herrera,25669,26009,26338
21154,Tecamachalco,85497,86202,86879
21155,Tecomatlán,7751,7906,8064
21156,Tehuacán,338197,339461,340558
21157,Tehuitzingo,14589,14951,15309
21158,Tenampulco,6791,6787,6776
21159,Teopantlán,4004,4028,4051
21160,Teotlalco,4048,4108,4161
21161,Tepanco de López,24185,24515,24834
21162,Tepango de Rodríguez,4309,4330,4342
21163,Tepatlaxco de Hidalgo,20478,20737,21001
21164,Tepeaca,89075,89790,90464
21165,Tepemaxalco,1332,1350,1369
21166,Tepeojuma,9143,9167,9177
21167,Tepetzintla,9224,8996,8775
21168,Tepexco,8442,8601,8769
21169,Tepexi de Rodríguez,24497,24868,25233
21170,Tepeyahualco,20988,21279,21563
21171,Tepeyahualco de Cuauhtémoc,4194,4253,4312
21172,Tetela de Ocampo,27516,27514,27499
21173,Teteles de Avila Castillo,7264,7365,7460
21174,Teziutlán,109478,110332,111131
21175,Tianguismanalco,16119,16416,16710
21176,Tilapa,11079,11339,11595
21177,Tlacotepec de Benito Juárez,57647,58063,58460
21178,Tlacuilotepec,15875,15815,15750
21179,Tlachichuca,34996,35584,36159
21180,Tlahuapan,43307,43533,43744
21181,Tlaltenango,7809,7865,7919
21182,Tlanepantla,5865,5945,6018
21183,Tlaola,21067,21138,21198
21184,Tlapacoya,6506,6504,6507
21185,Tlapanalá,11597,11804,12009
21186,Tlatlauquitepec,57468,57678,57864
21187,Tlaxco,4820,4792,4760
21188,Tochimilco,21013,21296,21576
21189,Tochtepec,24000,24239,24472
21190,Totoltepec de Guerrero,1200,1204,1202
21191,Tulcingo,10773,10920,11078
21192,Tuzamapan de Galeana,5979,5980,5974
21193,Tzicatlacoyan,5874,5752,5631
21194,Venustiano Carranza,28798,28816,28817
21195,Vicente Guerrero,28930,29329,29719
21196,Xayacatlán de Bravo,1635,1643,1650
21197,Xicotepec,80189,79915,79598
21198,Xicotlán,1483,1511,1540
21199,Xiutetelco,46674,47293,47908
21200,Xochiapulco,3558,3577,3586
21201,Xochiltepec,3509,3521,3543
21202,Xochitlán de Vicente Suárez,13544,13612,13674
21203,Xochitlán Todos Santos,7850,7962,8067
21204,Yaonáhuac,7961,7950,7930
21205,Yehualtepec,28081,28339,28593
21206,Zacapala,4778,4787,4794
21207,Zacapoaxtla,60450,60781,61096
21208,Zacatlán,92319,93044,93735
21209,Zapotitlán,8926,8973,9006
21210,Zapotitlán de Méndez,5943,5977,6018
21211,Zaragoza,17512,17610,17711
21212,Zautla,22804,23159,23515
21213,Zihuateutla,12081,12093,12097
21214,Zinacatepec,19931,20191,20439
21215,Zongozotla,4529,4522,4504
21216,Zoquiapan,2480,2478,2474
21217,Zoquitlán,22918,23382,23853
22001,Amealco de Bonfil,70400,70775,71093
22002,Pinal de Amoles,28170,28198,28199
22003,Arroyo Seco,13079,13022,12952
22004,Cadereyta de Montes,70199,70176,70096
22005,Colón,70867,71324,71720
22006,Corregidora,241136,245855,250444
22007,Ezequiel Montes,48175,48563,48914
22008,Huimilpan,36621,36462,36289
22009,Jalpan de Serra,28907,29119,29303
22010,Landa de Matamoros,17703,17426,17137
22011,El Marqués,279989,288481,297048
22012,Pedro Escobedo,83826,84736,85595
22013,Peñamiller,19293,19273,19235
22014,Querétaro,1215147,1243610,1271677
22015,San Joaquín,7895,7789,7678
22016,San Juan del Río,319163,321932,324444
22017,Tequisquiapan,75733,76170,76541
22018,Tolimán,28118,28067,27984
23001,Cozumel,95498,96667,97813
23002,Felipe Carrillo Puerto,92267,93763,95236
23003,Isla Mujeres,23497,23523,23511
23004,Othón P. Blanco,257686,262010,266287
23005,Benito Juárez,1026725,1043877,1060031
23006,José María Morelos,34682,33638,32576
23007,Lázaro Cárdenas,29844,29864,29855
23008,Solidaridad,409849,423639,437681
23009,Tulum,56143,57661,59131
23010,Bacalar,43472,43646,43792
23011,Puerto Morelos,31975,32794,33578
24001,Ahualulco del Sonido 13,19528,19581,19625
24002,Alaquines,7860,7862,7858
24003,Aquismón,49093,49104,49090
24004,Armadillo de los Infante,4062,4053,4047
24005,Cárdenas,18578,18578,18573
24006,Catorce,9783,9796,9807
24007,Cedral,20554,20634,20701
24008,Cerritos,22819,22895,22960
24009,Cerro de San Pedro,5667,5778,5878
24010,Ciudad del Maíz,30876,30919,30963
24011,Ciudad Fernández,51630,52176,52715
24012,Tancanhuitz,20722,20760,20779
24013,Ciudad Valles,186366,187228,187987
24014,Coxcatlán,16581,16715,16847
24015,Charcas,23464,23722,23976
24016,Ebano,41248,41236,41208
24017,Guadalcázar,25495,25506,25517
24018,Huehuetlán,15605,15621,15630
24019,Lagunillas,5577,5581,5591
24020,Matehuala,108299,109204,110054
24021,Mexquitic de Carmona,61346,61736,62097
24022,Moctezuma,19441,19483,19506
24023,Rayón,15545,15554,15550
24024,Rioverde,101492,101884,102238
24025,Salinas,31129,31051,30960
24026,San Antonio,9528,9533,9533
24027,San Ciro de Acosta,10405,10420,10421
24028,San Luis Potosí,983736,994804,1005539
24029,San Martín Chalchicuautla,18138,18055,17958
24030,San Nicolás Tolentino,4549,4488,4440
24031,Santa Catarina,12653,12712,12767
24032,Santa María del Río,40720,40774,40812
24033,Santo Domingo,10777,10762,10744
24034,San Vicente Tancuayalab,15584,15669,15739
24035,Soledad de Graciano Sánchez,366644,372561,378386
24036,Tamasopo,28935,28812,28679
24037,Tamazunchale,99136,99670,100150
24038,Tampacán,14234,14173,14120
24039,Tampamolón Corona,13481,13444,13390
24040,Tamuín,37653,37707,37742
24041,Tanlajás,18482,18511,18520
24042,Tanquián de Escobedo,13184,13115,13037
24043,Tierra Nueva,7902,7883,7863
24044,Vanegas,7723,7733,7746
24045,Venado,14357,14351,14347
24046,Villa de Arriaga,19009,19113,19206
24047,Villa de Guadalupe,9348,9342,9327
24048,Villa de la Paz,5504,5528,5560
24049,Villa de Ramos,39886,40069,40234
24050,Villa de Reyes,57323,58042,58739
24051,Villa Hidalgo,16553,16720,16885
24052,Villa Juárez,10842,10921,10994
24053,Axtla de Terrazas,32736,32742,32732
24054,Xilitla,50420,50440,50443
24055,Zaragoza,29372,29682,29980
24056,Villa de Arista,18555,18738,18925
24057,Matlapa,29221,29204,29185
24058,El Naranjo,20425,20276,20114
25001,Ahome,491376,495968,500357
25002,Angostura,44301,44216,44117
25003,Badiraguato,25473,25231,24979
25004,Concordia,25198,25191,25176
25005,Cosalá,18609,18863,19103
25006,Culiacán,1089600,1102405,1114937
25007,Choix,29971,30033,30088
25008,Elota,59514,60125,60716
25009,Escuinapa,63304,63724,64115
25010,El Fuerte,99188,99406,99586
25011,Guasave,295714,295992,296143
25012,Mazatlán,522565,524857,526880
25013,Mocorito,39549,39301,39037
25014,Rosario,53529,53593,53632
25015,Salvador Alvarado,81314,81409,81472
25016,San Ignacio,18716,18518,18316
25017,Sinaloa,79436,79419,79376
25018,Navolato,150109,149788,149383
26001,Aconchi,2603,2603,2600
26002,Agua Prieta,99702,100844,101941
26003,Alamos,25078,25010,24927
26004,Altar,9727,9741,9747
26005,Arivechi,1233,1239,1249
26006,Arizpe,3013,3052,3077
26007,Atil,703,706,723
26008,Bacadéhuachi,911,892,877
26009,Bacanora,758,755,752
26010,Bacerac,1197,1183,1174
26011,Bacoachi,1472,1466,1465
26012,Bácum,24071,24167,24249
26013,Banámichi,2150,2210,2274
26014,Baviácora,3174,3155,3149
26015,Bavispe,1167,1160,1159
26016,Benjamín Hill,4906,4876,4841
26017,Caborca,96250,97322,98348
26018,Cajeme,453062,454674,456017
26019,Cananea,44128,44912,45686
26020,Carbó,5236,5280,5315
26021,La Colorada,1786,1770,1752
26022,Cucurpe,874,877,872
26023,Cumpas,5769,5743,5711
26024,Divisaderos,818,831,835
26025,Empalme,52096,52092,52061
26026,Etchojoa,62543,62577,62587
26027,Fronteras,9788,9899,10010
26028,Granados,1015,1013,1015
26029,Guaymas,161039,161283,161435
26030,Hermosillo,1028894,1043797,1058275
26031,Huachinera,1187,1180,1179
26032,Huásabas,872,869,867
26033,Huatabampo,78401,78290,78143
26034,Huépac,997,1001,1006
26035,Imuris,12679,12657,12629
26036,Magdalena,35668,36054,36427
26037,Mazatán,1004,984,967
26038,Moctezuma,5590,5654,5718
26039,Naco,5822,5815,5808
26040,Nácori Chico,1480,1459,1456
26041,Nacozari de García,15474,15634,15792
26042,Navojoa,170577,171196,171726
26043,Nogales,291698,295890,299973
26044,Onavas,349,350,348
26045,Opodepe,2350,2326,2301
26046,Oquitoa,689,727,775
26047,Pitiquito,9154,9131,9097
26048,Puerto Peñasco,65454,65765,66041
26049,Quiriego,3498,3567,3636
26050,Rayón,1610,1620,1635
26051,Rosario,4794,4769,4740
26052,Sahuaripa,5058,5006,4943
26053,San Felipe de Jesús,361,362,350
26054,San Javier,537,537,532
26055,San Luis Río Colorado,213148,215195,217127
26056,San Miguel de Horcasitas,12418,12718,13018
26057,San Pedro de la Cueva,1482,1487,1480
26058,Santa Ana,16541,16554,16551
26059,Santa Cruz,1974,2003,2017
26060,Sáric,2820,2984,3151
26061,Soyopa,1364,1355,1344
26062,Suaqui Grande,1128,1122,1123
26063,Tepache,1164,1156,1152
26064,Trincheras,1295,1274,1255
26065,Tubutama,1898,1982,2070
26066,Ures,8677,8677,8665
26067,Villa Hidalgo,1382,1373,1352
26068,Villa Pesqueira,955,935,918
26069,Yécora,4743,4733,4712
26070,General Plutarco Elías Calles,12807,12631,12456
26071,Benito Juárez,21933,21902,21856
26072,San Ignacio Río Muerto,14567,14571,14577
27001,Balancán,58853,58754,58633
27002,Cárdenas,245295,245088,244819
27003,Centla,107772,107453,107102
27004,Centro,698755,699545,700094
27005,Comalcalco,225137,226347,227499
27006,Cunduacán,139220,139178,139088
27007,Emiliano Zapata,33323,33434,33526
27008,Huimanguillo,197788,198525,199191
27009,Jalapa,38141,38101,38050
27010,Jalpa de Méndez,94074,94306,94509
27011,Jonuta,31797,31891,31979
27012,Macuspana,159878,159702,159482
27013,Nacajuca,162318,164162,165980
27014,Paraíso,100087,100416,100704
27015,Tacotalpa,48350,48296,48222
27016,Teapa,60111,60204,60265
27017,Tenosique,66620,67266,67896
28001,Abasolo,9370,9272,9168
28002,Aldama,29171,29139,29100
28003,Altamira,293020,296258,299377
28004,Antiguo Morelos,8972,8975,8966
28005,Burgos,4230,4211,4184
28006,Bustamante,7667,7662,7655
28007,Camargo,17887,18084,18258
28008,Casas,4127,4106,4087
28009,Ciudad Madero,209945,209862,209614
28010,Cruillas,1549,1524,1497
28011,Gómez Farías,8372,8369,8359
28012,González,41996,41957,41888
28013,Güémez,15320,15319,15309
28014,Guerrero,3840,3841,3836
28015,Gustavo Díaz Ordaz,16568,16679,16770
28016,Hidalgo,15933,15720,15494
28017,Jaumave,17391,17594,17787
28018,Jiménez,6122,6066,5996
28019,Llera,13969,13798,13621
28020,Mainero,1943,1924,1897
28021,El Mante,112505,113518,114483
28022,Matamoros,582214,587729,592893
28023,Méndez,4614,4667,4714
28024,Mier,7580,7776,7971
28025,Miguel Alemán,26662,26645,26611
28026,Miquihuana,4010,4060,4102
28027,Nuevo Laredo,459021,463874,468486
28028,Nuevo Morelos,4127,4177,4226
28029,Ocampo,13277,13245,13204
28030,Padilla,13752,13726,13689
28031,Palmillas,2248,2302,2364
28032,Reynosa,778947,790607,801961
28033,Río Bravo,143811,145462,147023
28034,San Carlos,6976,6877,6773
28035,San Fernando,49626,49131,48600
28036,San Nicolás,900,889,879
28037,Soto la Marina,23894,23859,23804
28038,Tampico,304253,304557,304674
28039,Tula,27861,27671,27476
28040,Valle Hermoso,60627,60529,60382
28041,Victoria,366665,368461,370001
28042,Villagrán,5071,5004,4937
28043,Xicoténcatl,22386,22346,22285
29001,Amaxac de Guerrero,12034,12118,12208
29002,Apetatitlán de Antonio Carvajal,17205,17394,17575
29003,Atlangatepec,7784,7903,8026
29004,Atltzayanca,19230,19388,19540
29005,Apizaco,83966,84367,84725
29006,Calpulalpan,55909,56702,57475
29007,El Carmen Tequexquitla,17922,17985,18043
29008,Cuapiaxtla,17724,17982,18221
29009,Cuaxomulco,6517,6616,6709
29010,Chiautempan,77175,77728,78239
29011,Muñoz de Domingo Arenas,4981,5011,5037
29012,Españita,10583,10786,10994
29013,Huamantla,107921,109461,110986
29014,Hueyotlipan,15963,16069,16163
29015,Ixtacuixtla de Mariano Matamoros,40835,41087,41324
29016,Ixtenco,8216,8341,8455
29017,Mazatecochco de José María Morelos,12736,12938,13126
29018,Contla de Juan Cuamatzi,39981,40149,40299
29019,Tepetitla de Lardizábal,24331,24683,25021
29020,Sanctórum de Lázaro Cárdenas,9643,9661,9671
29021,Nanacamilpa de Mariano Arista,19470,19566,19647
29022,Acuamanala de Miguel Hidalgo,7064,7162,7265
29023,Natívitas,27422,27557,27667
29024,Panotla,29901,30113,30313
29025,San Pablo del Monte,90770,92130,93489
29026,Santa Cruz Tlaxcala,27253,27793,28318
29027,Tenancingo,13509,13581,13637
29028,Teolocholco,26994,27268,27525
29029,Tepeyanco,14913,15186,15465
29030,Terrenate,16670,16856,17043
29031,Tetla de la Solidaridad,39486,40221,40953
29032,Tetlatlahuca,14124,14195,14260
29033,Tlaxcala,106410,107375,108319
29034,Tlaxco,50165,50982,51784
29035,Tocatlán,7014,7140,7261
29036,Totolac,23725,23884,24039
29037,Ziltlaltépec de Trinidad Sánchez Santos,9650,9713,9766
29038,Tzompantepec,20388,20817,21237
29039,Xaloztoc,28247,28697,29142
29040,Xaltocan,11199,11284,11364
29041,Papalotla de Xicohténcatl,36761,37296,37823
29042,Xicohtzinco,15259,15432,15596
29043,Yauhquemehcan,48224,49315,50414
29044,Zacatelco,50057,50787,51501
29045,Benito Juárez,6585,6646,6702
29046,Emiliano Zapata,5412,5487,5559
29047,Lázaro Cárdenas,3891,3945,4006
29048,La Magdalena Tlaltelulco,19777,19862,19945
29049,San Damián Texóloc,6421,6515,6603
29050,San Francisco Tetlanohcan,13072,13298,13522
29051,San Jerónimo Zacualpan,4517,4585,4659
29052,San José Teacalco,7239,7376,7514
29053,San Juan Huactzinco,8113,8174,8231
29054,San Lorenzo Axocomanitla,5934,5966,5997
29055,San Lucas Tecopilco,3109,3107,3102
29056,Santa Ana Nopalucan,8385,8448,8505
29057,Santa Apolonia Teacalco,4851,4881,4905
29058,Santa Catarina Ayometla,10419,10581,10740
29059,Santa Cruz Quilehtla,8622,8776,8931
29060,Santa Isabel Xiloxoxtla,6043,6149,6254
30001,Acajete,10052,10083,10108
30002,Acatlán,3544,3554,3557
30003,Acayucan,79085,78594,78071
30004,Actopan,41411,41253,41083
30005,Acula,5209,5182,5159
30006,Acultzingo,23668,23717,23763
30007,Camarón de Tejeda,6709,6719,6729
30008,Alpatláhuac,10575,10587,10599
30009,Alto Lucero de Gutiérrez Barrios,27701,27543,27369
30010,Altotonga,64375,64245,64084
30011,Alvarado,58264,58300,58320
30012,Amatitlán,7855,7836,7811
30013,Naranjos Amatlán,25946,25720,25481
30014,Amatlán de los Reyes,47931,47980,48011
30015,Angel R. Cabada,34192,34168,34125
30016,La Antigua,29698,29804,29897
30017,Apazapan,4859,4862,4873
30018,Aquila,2028,2030,2033
30019,Astacinga,7002,6998,6989
30020,Atlahuilco,12090,12153,12209
30021,Atoyac,23170,23050,22925
30022,Atzacan,23303,23361,23397
30023,Atzalan,49128,49004,48858
30024,Tlaltetela,16862,16887,16905
30025,Ayahualulco,27796,27828,27852
30026,Banderilla,27481,27693,27893
30027,Benito Juárez,15781,15687,15587
30028,Boca del Río,148107,148381,148591
30029,Calcahualco,13948,13951,13949
30030,Camerino Z. Mendoza,41591,41432,41256
30031,Carrillo Puerto,19221,19214,19195
30032,Catemaco,47970,47551,47123
30033,Cazones de Herrera,25415,25531,25638
30034,Cerro Azul,24161,23949,23728
30035,Citlaltépetl,10906,10834,10761
30036,Coacoatzintla,11661,11752,11845
30037,Coahuitlán,8156,8131,8107
30038,Coatepec,96178,96342,96469
30039,Coatzacoalcos,310767,310027,309182
30040,Coatzintla,53460,53024,52563
30041,Coetzala,2407,2411,2410
30042,Colipa,5810,5807,5798
30043,Comapa,19965,19928,19884
30044,Córdoba,207490,207607,207653
30045,Cosamaloapan de Carpio,52647,52125,51571
30046,Cosautlán de Carvajal,16086,16023,15959
30047,Coscomatepec,60968,61079,61178
30048,Cosoleacaque,133308,133402,133442
30049,Cotaxtla,22772,22839,22908
30050,Coxquihui,16348,16307,16265
30051,Coyutla,23833,23906,23973
30052,Cuichapa,11690,11630,11567
30053,Cuitláhuac,28686,28730,28763
30054,Chacaltianguis,11065,10972,10872
30055,Chalma,13653,13640,13619
30056,Chiconamel,6579,6554,6525
30057,Chiconquiaco,13878,13849,13813
30058,Chicontepec,52185,51732,51261
30059,Chinameca,23484,23497,23506
30060,Chinampa de Gorostiza,15921,15810,15692
30061,Las Choapas,80818,80556,80271
30062,Chocamán,20710,20628,20539
30063,Chontla,12502,12312,12124
30064,Chumatlán,4177,4203,4221
30065,Emiliano Zapata,94324,95826,97313
30066,Espinal,26789,26712,26635
30067,Filomeno Mata,20216,20363,20502
30068,Fortín,68330,68539,68727
30069,Gutiérrez Zamora,23520,23349,23177
30070,Hidalgotitlán,17908,17801,17690
30071,Huatusco,59545,59314,59061
30072,Huayacocotla,22392,22445,22483
30073,Hueyapan de Ocampo,41091,40877,40658
30074,Huiloapan de Cuauhtémoc,7470,7483,7492
30075,Ignacio de la Llave,16039,15907,15767
30076,Ilamatlán,13369,13332,13284
30077,Isla,42839,42736,42600
30078,Ixcatepec,11864,11749,11628
30079,Ixhuacán de los Reyes,11443,11430,11403
30080,Ixhuatlán del Café,23546,23570,23576
30081,Ixhuatlancillo,30268,30778,31278
30082,Ixhuatlán del Sureste,15906,15878,15836
30083,Ixhuatlán de Madero,49988,49723,49443
30084,Ixmatlahuacan,5392,5343,5291
30085,Ixtaczoquitlán,76204,76371,76501
30086,Jalacingo,48186,48310,48412
30087,Xalapa,500266,501126,501797
30088,Jalcomulco,5139,5144,5144
30089,Jáltipan,37695,37436,37161
30090,Jamapa,11050,11007,10959
30091,Jesús Carranza,28535,28472,28396
30092,Xico,40733,40831,40906
30093,Jilotepec,16597,16555,16508
30094,Juan Rodríguez Clara,38164,38028,37874
30095,Juchique de Ferrer,14290,14119,13931
30096,Landero y Coss,1562,1564,1562
30097,Lerdo de Tejada,18756,18630,18509
30098,Magdalena,3371,3368,3375
30099,Maltrata,18705,18729,18742
30100,Manlio Fabio Altamirano,24644,24715,24774
30101,Mariano Escobedo,40112,40278,40431
30102,Martínez de la Torre,108995,108743,108447
30103,Mecatlán,12993,12988,12980
30104,Mecayapan,17063,17007,16945
30105,Medellín de Bravo,104092,105412,106708
30106,Miahuatlán,4939,4935,4945
30107,Las Minas,2968,2972,2965
30108,Minatitlán,137182,135474,133738
30109,Misantla,67873,68092,68284
30110,Mixtla de Altamirano,12645,12714,12775
30111,Moloacán,16238,16163,16074
30112,Naolinco,23291,23299,23308
30113,Naranjal,4705,4717,4718
30114,Nautla,9936,9883,9817
30115,Nogales,37343,37247,37143
30116,Oluta,17494,17535,17564
30117,Omealca,23774,23719,23651
30118,Orizaba,120904,120164,119384
30119,Otatitlán,5638,5619,5597
30120,Oteapan,9538,9416,9283
30121,Ozuluama de Mascareñas,22407,22276,22144
30122,Pajapan,18454,18478,18489
30123,Pánuco,94055,93428,92770
30124,Papantla,159782,159320,158786
30125,Paso del Macho,32099,32050,31993
30126,Paso de Ovejas,32447,32157,31859
30127,La Perla,29995,30251,30499
30128,Perote,79819,80025,80203
30129,Platón Sánchez,17067,16826,16580
30130,Playa Vicente,39738,39706,39655
30131,Poza Rica de Hidalgo,189227,188831,188395
30132,Las Vigas de Ramírez,21071,21165,21251
30133,Pueblo Viejo,58600,58569,58520
30134,Puente Nacional,23971,23973,23974
30135,Rafael Delgado,25425,25602,25778
30136,Rafael Lucio,8702,8752,8792
30137,Los Reyes,6572,6602,6634
30138,Río Blanco,41950,41864,41763
30139,Saltabarranca,5731,5644,5545
30140,San Andrés Tenejapan,3237,3246,3249
30141,San Andrés Tuxtla,162123,161630,161073
30142,San Juan Evangelista,31713,31469,31202
30143,Santiago Tuxtla,57082,56933,56744
30144,Sayula de Alemán,32375,32282,32178
30145,Soconusco,16917,16938,16954
30146,Sochiapa,4001,4007,4002
30147,Soledad Atzompa,25552,25658,25761
30148,Soledad de Doblado,28713,28747,28767
30149,Soteapan,34415,34346,34257
30150,Tamalín,11590,11551,11505
30151,Tamiahua,20818,20568,20301
30152,Tampico Alto,10889,10739,10587
30153,Tancoco,5191,5072,4942
30154,Tantima,11235,11076,10909
30155,Tantoyuca,98639,98146,97614
30156,Tatatila,6160,6164,6163
30157,Castillo de Teayo,20412,20409,20404
30158,Tecolutla,25477,25578,25682
30159,Tehuipango,32244,32646,33037
30160,Álamo Temapache,110831,111218,111547
30161,Tempoal,33282,32984,32683
30162,Tenampa,6413,6393,6367
30163,Tenochtitlán,4919,4885,4847
30164,Teocelo,17601,17677,17738
30165,Tepatlaxco,9044,9040,9032
30166,Tepetlán,9365,9334,9301
30167,Tepetzintla,14577,14532,14477
30168,Tequila,16841,16882,16913
30169,José Azueta,22642,22569,22484
30170,Texcatepec,10852,10834,10804
30171,Texhuacán,5673,5670,5671
30172,Texistepec,19701,19613,19517
30173,Tezonapa,54101,53898,53667
30174,Tierra Blanca,93831,93350,92835
30175,Tihuatlán,91764,91372,90946
30176,Tlacojalpan,4355,4319,4289
30177,Tlacolulan,12005,12028,12048
30178,Tlacotalpan,12447,12331,12213
30179,Tlacotepec de Mejía,4846,4950,5047
30180,Tlachichilco,10542,10443,10350
30181,Tlalixcoyan,37998,37930,37851
30182,Tlalnelhuayocan,20863,21035,21207
30183,Tlapacoyan,61482,61353,61193
30184,Tlaquilpa,8105,8112,8127
30185,Tlilapan,5677,5685,5686
30186,Tomatlán,7610,7677,7729
30187,Tonayán,6199,6199,6188
30188,Totutla,17221,17171,17124
30189,Tuxpan,148280,146707,145093
30190,Tuxtilla,2351,2369,2378
30191,Ursulo Galván,29938,29829,29705
30192,Vega de Alatorre,19351,19133,18906
30193,Veracruz,625920,628042,629935
30194,Villa Aldama,13072,13151,13218
30195,Xoxocotla,6056,6061,6070
30196,Yanga,17085,16876,16669
30197,Yecuatla,10813,10718,10621
30198,Zacualpan,6597,6554,6499
30199,Zaragoza,12164,12173,12178
30200,Zentla,12346,12272,12200
30201,Zongolica,45486,45446,45383
30202,Zontecomatlán de López y Fuentes,14543,14483,14420
30203,Zozocolco de Hidalgo,14497,14453,14413
30204,Agua Dulce,42567,42191,41797
30205,El Higo,17873,17531,17195
30206,Nanchital de Lázaro Cárdenas del Río,29045,28935,28824
30207,Tres Valles,43708,43357,42992
30208,Carlos A. Carrillo,22983,22858,22721
30209,Tatahuicapan de Juárez,15044,15004,14971
30210,Uxpanapa,31656,31705,31737
30211,San Rafael,31357,31454,31552
30212,Santiago Sochiapan,13764,13862,13959
31001,Abalá,6588,6569,6551
31002,Acanceh,17425,17492,17556
31003,Akil,13060,13160,13251
31004,Baca,6475,6505,6534
31005,Bokobá,2185,2188,2181
31006,Buctzotz,9478,9516,9541
31007,Cacalchén,7803,7840,7874
31008,Calotmul,3973,3969,3962
31009,Cansahcab,4366,4332,4297
31010,Cantamayec,2897,2911,2935
31011,Celestún,8781,8827,8862
31012,Cenotillo,3752,3752,3747
31013,Conkal,19543,20014,20486
31014,Cuncunul,1800,1816,1829
31015,Cuzamá,5816,5845,5872
31016,Chacsinkín,3235,3257,3267
31017,Chankom,4845,4857,4870
31018,Chapab,3534,3550,3568
31019,Chemax,40156,40240,40289
31020,Chicxulub Pueblo,4408,4369,4338
31021,Chichimilá,10366,10512,10665
31022,Chikindzonot,4545,4568,4582
31023,Chocholá,5072,5094,5117
31024,Chumayel,3261,3264,3250
31025,Dzán,6600,6690,6783
31026,Dzemul,3662,3653,3647
31027,Dzidzantún,8298,8260,8220
31028,Dzilam de Bravo,3059,3071,3087
31029,Dzilam González,6363,6363,6367
31030,Dzitás,4165,4183,4191
31031,Dzoncauich,2975,2998,3018
31032,Espita,17584,17686,17775
31033,Halachó,22248,22377,22486
31034,Hocabá,6769,6799,6820
31035,Hoctún,6656,6681,6710
31036,Homún,8494,8541,8589
31037,Huhí,5140,5106,5054
31038,Hunucmá,37208,37465,37704
31039,Ixil,4367,4383,4405
31040,Izamal,29729,29858,29967
31041,Kanasín,177057,183712,190542
31042,Kantunil,5507,5480,5444
31043,Kaua,3633,3672,3703
31044,Kinchil,8026,8099,8171
31045,Kopomá,2776,2790,2799
31046,Mama,3404,3411,3422
31047,Maní,6239,6273,6298
31048,Maxcanú,25064,25182,25292
31049,Mayapán,4156,4179,4193
31050,Mérida,1087930,1102068,1115592
31051,Mocochá,3603,3621,3647
31052,Motul,39644,39874,40087
31053,Muna,14052,14114,14165
31054,Muxupip,3107,3117,3129
31055,Opichén,7477,7531,7583
31056,Oxkutzcab,35959,36227,36470
31057,Panabá,7857,7848,7839
31058,Peto,27133,27279,27422
31059,Progreso,72260,73221,74137
31060,Quintana Roo,934,919,912
31061,Río Lagartos,4425,4497,4569
31062,Sacalum,5122,5138,5147
31063,Samahil,5900,5923,5959
31064,Sanahcat,1771,1784,1791
31065,San Felipe,2203,2218,2224
31066,Santa Elena,4402,4423,4440
31067,Seyé,10504,10558,10609
31068,Sinanché,3188,3163,3155
31069,Sotuta,8792,8724,8658
31070,Sucilá,3922,3894,3868
31071,Sudzal,2184,2219,2254
31072,Suma,1912,1915,1914
31073,Tahdziú,6587,6703,6817
31074,Tahmek,3707,3678,3649
31075,Teabo,7268,7314,7347
31076,Tecoh,18775,18882,18980
31077,Tekal de Venegas,2781,2785,2796
31078,Tekantó,3746,3727,3719
31079,Tekax,47213,47471,47703
31080,Tekit,11612,11682,11745
31081,Tekom,3502,3513,3529
31082,Telchac Pueblo,3554,3554,3553
31083,Telchac Puerto,2017,2033,2041
31084,Temax,7080,7071,7058
31085,Temozón,17559,17659,17752
31086,Tepakán,2139,2131,2123
31087,Tetiz,5697,5719,5740
31088,Teya,1899,1881,1871
31089,Ticul,42448,42702,42946
31090,Timucuy,7812,7850,7889
31091,Tinum,13311,13387,13450
31092,Tixcacalcupul,8518,8607,8692
31093,Tixkokob,19200,19291,19367
31094,Tixméhuac,6045,6139,6231
31095,Tixpéhual,5906,5932,5950
31096,Tizimín,84203,84620,84989
31097,Tunkás,3767,3769,3769
31098,Tzucacab,15994,16063,16130
31099,Uayma,4384,4414,4436
31100,Ucú,4363,4404,4449
31101,Umán,80477,82472,84478
31102,Valladolid,88898,89209,89461
31103,Xocchel,3323,3286,3250
31104,Yaxcabá,17201,17299,17392
31105,Yaxkukul,3414,3422,3420
31106,Yobaín,2237,2233,2224
32001,Apozol,6657,6722,6776
32002,Apulco,5339,5401,5465
32003,Atolinga,2195,2175,2153
32004,Benito Juárez,5253,5395,5548
32005,Calera,47857,48148,48411
32006,Cañitas de Felipe Pescador,8376,8383,8379
32007,Concepción del Oro,12208,12199,12187
32008,Cuauhtémoc,14583,14764,14945
32009,Chalchihuites,10090,10073,10051
32010,Fresnillo,258315,261242,263984
32011,Trinidad García de la Cadena,3612,3642,3676
32012,Genaro Codina,8177,8155,8125
32013,General Enrique Estrada,7189,7278,7367
32014,General Francisco R. Murguía,19862,19760,19648
32015,El Plateado de Joaquín Amaro,2239,2377,2536
32016,General Pánfilo Natera,24240,24318,24377
32017,Guadalupe,239769,244910,249982
32018,Huanusco,5257,5388,5519
32019,Jalpa,27497,27867,28227
32020,Jerez,62060,62324,62540
32021,Jiménez del Teul,4824,4883,4946
32022,Juan Aldama,19598,19537,19475
32023,Juchipila,12397,12400,12398
32024,Loreto,55736,56002,56229
32025,Luis Moya,13487,13519,13537
32026,Mazapil,18390,18458,18516
32027,Melchor Ocampo,2674,2653,2633
32028,Mezquital del Oro,2414,2397,2380
32029,Miguel Auza,24356,24415,24473
32030,Momax,2573,2587,2610
32031,Monte Escobedo,8668,8646,8623
32032,Morelos,14253,14420,14585
32033,Moyahua de Estrada,5405,5567,5736
32034,Nochistlán de Mejía,29065,29213,29344
32035,Noria de Ángeles,16190,16135,16072
32036,Ojocaliente,46318,46633,46927
32037,Pánuco,18064,18119,18158
32038,Pinos,73566,73656,73693
32039,Río Grande,66725,66987,67206
32040,Sain Alto,22076,22071,22050
32041,El Salvador,2649,2668,2690
32042,Sombrerete,65929,66202,66435
32043,Susticacán,1396,1394,1403
32044,Tabasco,18413,18737,19060
32045,Tepechitlán,8341,8324,8307
32046,Tepetongo,6286,6238,6191
32047,Teúl de González Ortega,5345,5329,5310
32048,Tlaltenango de Sánchez Román,28204,28301,28373
32049,Valparaíso,32415,32318,32208
32050,Vetagrande,10960,11069,11167
32051,Villa de Cos,35051,35056,35041
32052,Villa García,21043,21297,21537
32053,Villa González Ortega,13638,13682,13723
32054,Villa Hidalgo,20228,20330,20427
32055,Villanueva,34084,34501,34913
32056,Zacatecas,156095,156983,157751
32057,Trancoso,22319,22634,22944
32058,Santa María de la Paz,2986,3016,3055
